EventId,event_name,event_date,fighter_1,fighter_2,winner
1144,UFC 289: Nunes vs. Aldana,2023-06-10T23:00Z,Amanda Nunes,Irene Aldana,Amanda Nunes
1144,UFC 289: Nunes vs. Aldana,2023-06-10T23:00Z,Charles Oliveira,Beneil Dariush,Charles Oliveira
1144,UFC 289: Nunes vs. Aldana,2023-06-10T23:00Z,Mike Malott,Adam Fugitt,Mike Malott
1144,UFC 289: Nunes vs. Aldana,2023-06-10T23:00Z,Dan Ige,Nate Landwehr,Dan Ige
1144,UFC 289: Nunes vs. Aldana,2023-06-10T23:00Z,Marc-Andre Barriault,Eryk Anders,Marc-Andre Barriault
1144,UFC 289: Nunes vs. Aldana,2023-06-10T23:00Z,Nassourdine Imavov,Chris Curtis,Draw
1144,UFC 289: Nunes vs. Aldana,2023-06-10T23:00Z,Miranda Maverick,Jasmine Jasudavicius,Jasmine Jasudavicius
1144,UFC 289: Nunes vs. Aldana,2023-06-10T23:00Z,Aiemann Zahabi, Aoriqileng,Aiemann Zahabi
1144,UFC 289: Nunes vs. Aldana,2023-06-10T23:00Z,Kyle Nelson,Blake Bilder,Kyle Nelson
1144,UFC 289: Nunes vs. Aldana,2023-06-10T23:00Z,David Dvorak,Steve Erceg,Steve Erceg
1144,UFC 289: Nunes vs. Aldana,2023-06-10T23:00Z,Diana Belbita,Maria Oliveira,Diana Belbita
1145,UFC Fight Night: Dern vs. Hill,2023-05-20T20:00Z,Mackenzie Dern,Angela Hill,Mackenzie Dern
1145,UFC Fight Night: Dern vs. Hill,2023-05-20T20:00Z,Edmen Shahbazyan,Anthony Hernandez,Anthony Hernandez
1145,UFC Fight Night: Dern vs. Hill,2023-05-20T20:00Z,Emily Ducote,Loopy Godinez,Loopy Godinez
1145,UFC Fight Night: Dern vs. Hill,2023-05-20T20:00Z,Andre Fialho,Joaquin Buckley,Joaquin Buckley
1145,UFC Fight Night: Dern vs. Hill,2023-05-20T20:00Z,Diego Ferreira,Michael Johnson,Diego Ferreira
1145,UFC Fight Night: Dern vs. Hill,2023-05-20T20:00Z, Maheshate,Viacheslav Borshchev,Viacheslav Borshchev
1145,UFC Fight Night: Dern vs. Hill,2023-05-20T20:00Z,Karolina Kowalkiewicz,Vanessa Demopoulos,Karolina Kowalkiewicz
1145,UFC Fight Night: Dern vs. Hill,2023-05-20T20:00Z,Orion Cosce,Gilbert Urbina,Gilbert Urbina
1145,UFC Fight Night: Dern vs. Hill,2023-05-20T20:00Z,Ilir Latifi,Rodrigo Nascimento,Rodrigo Nascimento
1145,UFC Fight Night: Dern vs. Hill,2023-05-20T20:00Z,Chase Hooper,Nick Fiore,Chase Hooper
1145,UFC Fight Night: Dern vs. Hill,2023-05-20T20:00Z,Natalia Silva,Victoria Leonardo,Natalia Silva
1145,UFC Fight Night: Dern vs. Hill,2023-05-20T20:00Z,Takashi Sato,Themba Gorimbo,Themba Gorimbo
1146,UFC Fight Night: Kara-France vs. Albazi,2023-06-03T22:00Z,Kai Kara-France,Amir Albazi,Amir Albazi
1146,UFC Fight Night: Kara-France vs. Albazi,2023-06-03T22:00Z,Alex Caceres,Daniel Pineda,Alex Caceres
1146,UFC Fight Night: Kara-France vs. Albazi,2023-06-03T22:00Z,Jim Miller,Jesse Butler,Jim Miller
1146,UFC Fight Night: Kara-France vs. Albazi,2023-06-03T22:00Z,Tim Elliott,Victor Altamirano,Tim Elliott
1146,UFC Fight Night: Kara-France vs. Albazi,2023-06-03T22:00Z,Karine Silva,Ketlen Souza,Karine Silva
1146,UFC Fight Night: Kara-France vs. Albazi,2023-06-03T22:00Z,Abubakar Nurmagomedov,Elizeu Zaleski dos Santos,Elizeu Zaleski dos Santos
1146,UFC Fight Night: Kara-France vs. Albazi,2023-06-03T22:00Z,Daniel Santos,Johnny Munoz,Daniel Santos
1146,UFC Fight Night: Kara-France vs. Albazi,2023-06-03T22:00Z,Andrei Arlovski,Don'Tale Mayes,Don'Tale Mayes
1146,UFC Fight Night: Kara-France vs. Albazi,2023-06-03T22:00Z,John Castaneda,Muin Gafurov,John Castaneda
1146,UFC Fight Night: Kara-France vs. Albazi,2023-06-03T22:00Z,Jamie Mullarkey,Muhammad Naimov,Muhammad Naimov
1146,UFC Fight Night: Kara-France vs. Albazi,2023-06-03T22:00Z,Elise Reed,Jinh Yu Frey,Elise Reed
1146,UFC Fight Night: Kara-France vs. Albazi,2023-06-03T22:00Z,Da'Mon Blackshear,Luan Lacerda,Da'Mon Blackshear
1146,UFC Fight Night: Kara-France vs. Albazi,2023-06-03T22:00Z,Philipe Lins,Maxim Grishin,Philipe Lins
1147,UFC Fight Night: Vettori vs. Cannonier,2023-06-17T23:00Z,Marvin Vettori,Jared Cannonier,Jared Cannonier
1147,UFC Fight Night: Vettori vs. Cannonier,2023-06-17T23:00Z,Arman Tsarukyan,Joaquim Silva,Arman Tsarukyan
1147,UFC Fight Night: Vettori vs. Cannonier,2023-06-17T23:00Z,Armen Petrosyan,Christian Leroy Duncan,Armen Petrosyan
1147,UFC Fight Night: Vettori vs. Cannonier,2023-06-17T23:00Z,Pat Sabatini,Lucas Almeida,Pat Sabatini
1147,UFC Fight Night: Vettori vs. Cannonier,2023-06-17T23:00Z,Manuel Torres,Nikolas Motta,Manuel Torres
1147,UFC Fight Night: Vettori vs. Cannonier,2023-06-17T23:00Z,Nicolas Dalby,Muslim Salikhov,Nicolas Dalby
1147,UFC Fight Night: Vettori vs. Cannonier,2023-06-17T23:00Z,Jimmy Flick,Alessandro Costa,Alessandro Costa
1147,UFC Fight Night: Vettori vs. Cannonier,2023-06-17T23:00Z,Kyung Ho Kang,Cristian Quinonez,Kyung Ho Kang
1147,UFC Fight Night: Vettori vs. Cannonier,2023-06-17T23:00Z,Carlos Hernandez,Denys Bondar,Carlos Hernandez
1147,UFC Fight Night: Vettori vs. Cannonier,2023-06-17T23:00Z,Tereza Bleda,Gabriella Fernandes,Tereza Bleda
1147,UFC Fight Night: Vettori vs. Cannonier,2023-06-17T23:00Z,Dan Argueta,Ronnie Lawrence,Draw
1147,UFC Fight Night: Vettori vs. Cannonier,2023-06-17T23:00Z,Zac Pauga,Modestas Bukauskas,Modestas Bukauskas
1148,UFC Fight Night: Emmett vs. Topuria,2023-06-24T15:30Z,Josh Emmett,Ilia Topuria,Ilia Topuria
1148,UFC Fight Night: Emmett vs. Topuria,2023-06-24T15:30Z,Amanda Ribas,Maycee Barber,Maycee Barber
1148,UFC Fight Night: Emmett vs. Topuria,2023-06-24T15:30Z,Austen Lane,Justin Tafa,Draw
1148,UFC Fight Night: Emmett vs. Topuria,2023-06-24T15:30Z,David Onama,Gabriel Santos,David Onama
1148,UFC Fight Night: Emmett vs. Topuria,2023-06-24T15:30Z,Brendan Allen,Bruno Silva,Brendan Allen
1148,UFC Fight Night: Emmett vs. Topuria,2023-06-24T15:30Z,Neil Magny,Phil Rowe,Neil Magny
1148,UFC Fight Night: Emmett vs. Topuria,2023-06-24T15:30Z,Randy Brown,Wellington Turman,Randy Brown
1148,UFC Fight Night: Emmett vs. Topuria,2023-06-24T15:30Z,Mateusz Rebecki,Loik Radzhabov,Mateusz Rebecki
1148,UFC Fight Night: Emmett vs. Topuria,2023-06-24T15:30Z,Tabatha Ricci,Gillian Robertson,Tabatha Ricci
1148,UFC Fight Night: Emmett vs. Topuria,2023-06-24T15:30Z,Zhalgas Zhumagulov,Joshua Van,Joshua Van
1148,UFC Fight Night: Emmett vs. Topuria,2023-06-24T15:30Z,Trevor Peek,Chepe Mariscal,Chepe Mariscal
1148,UFC Fight Night: Emmett vs. Topuria,2023-06-24T15:30Z,Jamall Emmers,Jack Jenkins,Jack Jenkins
1148,UFC Fight Night: Emmett vs. Topuria,2023-06-24T15:30Z,Cody Brundage,Sedriques Dumas,Sedriques Dumas
1149,UFC Fight Night: Strickland vs. Magomedov,2023-07-01T20:00Z,Sean Strickland,Abus Magomedov,Sean Strickland
1149,UFC Fight Night: Strickland vs. Magomedov,2023-07-01T20:00Z,Damir Ismagulov,Grant Dawson,Grant Dawson
1149,UFC Fight Night: Strickland vs. Magomedov,2023-07-01T20:00Z,Max Griffin,Michael Morales,Michael Morales
1149,UFC Fight Night: Strickland vs. Magomedov,2023-07-01T20:00Z,Ariane da Silva,Melissa Gatto,Ariane da Silva
1149,UFC Fight Night: Strickland vs. Magomedov,2023-07-01T20:00Z,Ismael Bonfim,Benoit Saint Denis,Benoit Saint Denis
1149,UFC Fight Night: Strickland vs. Magomedov,2023-07-01T20:00Z,Brunno Ferreira,Nursulton Ruziboev,Nursulton Ruziboev
1149,UFC Fight Night: Strickland vs. Magomedov,2023-07-01T20:00Z,Kevin Lee,Rinat Fakhretdinov,Rinat Fakhretdinov
1149,UFC Fight Night: Strickland vs. Magomedov,2023-07-01T20:00Z,Joanderson Brito,Westin Wilson,Joanderson Brito
1149,UFC Fight Night: Strickland vs. Magomedov,2023-07-01T20:00Z,Yana Santos,Karol Rosa,Karol Rosa
1149,UFC Fight Night: Strickland vs. Magomedov,2023-07-01T20:00Z,Guram Kutateladze,Elves Brener,Elves Brener
1149,UFC Fight Night: Strickland vs. Magomedov,2023-07-01T20:00Z,Ivana Petrovic,Luana Carolina,Luana Carolina
1149,UFC Fight Night: Strickland vs. Magomedov,2023-07-01T20:00Z,Alexandr Romanov,Blagoy Ivanov,Alexandr Romanov
1150,UFC Fight Night: Aspinall vs. Tybura,2023-07-22T16:00Z,Tom Aspinall,Marcin Tybura,Tom Aspinall
1150,UFC Fight Night: Aspinall vs. Tybura,2023-07-22T16:00Z,Molly McCann,Julija Stoliarenko,Julija Stoliarenko
1150,UFC Fight Night: Aspinall vs. Tybura,2023-07-22T16:00Z,Nathaniel Wood,Andre Fili,Nathaniel Wood
1150,UFC Fight Night: Aspinall vs. Tybura,2023-07-22T16:00Z,Paul Craig,Andre Muniz,Paul Craig
1150,UFC Fight Night: Aspinall vs. Tybura,2023-07-22T16:00Z,Jai Herbert,Fares Ziam,Fares Ziam
1150,UFC Fight Night: Aspinall vs. Tybura,2023-07-22T16:00Z,Lerone Murphy,Josh Culibao,Lerone Murphy
1150,UFC Fight Night: Aspinall vs. Tybura,2023-07-22T16:00Z,Davey Grant,Daniel Marcos,Daniel Marcos
1150,UFC Fight Night: Aspinall vs. Tybura,2023-07-22T16:00Z,Danny Roberts,Jonny Parsons,Jonny Parsons
1150,UFC Fight Night: Aspinall vs. Tybura,2023-07-22T16:00Z,Marc Diakiese,Joel Alvarez,Joel Alvarez
1150,UFC Fight Night: Aspinall vs. Tybura,2023-07-22T16:00Z,Mick Parkin,Jamal Pogues,Mick Parkin
1150,UFC Fight Night: Aspinall vs. Tybura,2023-07-22T16:00Z,Makhmud Muradov,Bryan Barberena,Makhmud Muradov
1150,UFC Fight Night: Aspinall vs. Tybura,2023-07-22T16:00Z,Ketlen Vieira,Pannie Kianzad,Ketlen Vieira
1150,UFC Fight Night: Aspinall vs. Tybura,2023-07-22T16:00Z,Chris Duncan,Yanal Ashmouz,Chris Duncan
1150,UFC Fight Night: Aspinall vs. Tybura,2023-07-22T16:00Z,Shauna Bannon,Bruna Brasil,Bruna Brasil
1150,UFC Fight Night: Aspinall vs. Tybura,2023-07-22T16:00Z,Jafel Filho,Daniel Barez,Jafel Filho
1151,UFC 294: Makhachev vs. Volkanovski 2,2023-10-21T14:00Z,Islam Makhachev,Alexander Volkanovski,Islam Makhachev
1151,UFC 294: Makhachev vs. Volkanovski 2,2023-10-21T14:00Z,Kamaru Usman,Khamzat Chimaev,Khamzat Chimaev
1151,UFC 294: Makhachev vs. Volkanovski 2,2023-10-21T14:00Z,Magomed Ankalaev,Johnny Walker,Draw
1151,UFC 294: Makhachev vs. Volkanovski 2,2023-10-21T14:00Z,Ikram Aliskerov,Warlley Alves,Ikram Aliskerov
1151,UFC 294: Makhachev vs. Volkanovski 2,2023-10-21T14:00Z,Said Nurmagomedov,Muin Gafurov,Said Nurmagomedov
1151,UFC 294: Makhachev vs. Volkanovski 2,2023-10-21T14:00Z,Tim Elliott,Muhammad Mokaev,Muhammad Mokaev
1151,UFC 294: Makhachev vs. Volkanovski 2,2023-10-21T14:00Z,Mohammad Yahya,Trevor Peek,Trevor Peek
1151,UFC 294: Makhachev vs. Volkanovski 2,2023-10-21T14:00Z,Javid Basharat,Victor Henry,Draw
1151,UFC 294: Makhachev vs. Volkanovski 2,2023-10-21T14:00Z,Abu Azaitar,Sedriques Dumas,Sedriques Dumas
1151,UFC 294: Makhachev vs. Volkanovski 2,2023-10-21T14:00Z,Mike Breeden,Anshul Jubli,Mike Breeden
1151,UFC 294: Makhachev vs. Volkanovski 2,2023-10-21T14:00Z,Nathaniel Wood,Muhammad Naimov,Muhammad Naimov
1151,UFC 294: Makhachev vs. Volkanovski 2,2023-10-21T14:00Z,Viktoriia Dudakova,Jinh Yu Frey,Viktoriia Dudakova
1151,UFC 294: Makhachev vs. Volkanovski 2,2023-10-21T14:00Z,Shara Magomedov,Bruno Silva,Shara Magomedov
1154,UFC Fight Night: Holm vs. Bueno Silva,2023-07-15T23:00Z,Holly Holm,Mayra Bueno Silva,Draw
1154,UFC Fight Night: Holm vs. Bueno Silva,2023-07-15T23:00Z,Jack Della Maddalena,Bassil Hafez,Jack Della Maddalena
1154,UFC Fight Night: Holm vs. Bueno Silva,2023-07-15T23:00Z,Ottman Azaitar,Francisco Prado,Francisco Prado
1154,UFC Fight Night: Holm vs. Bueno Silva,2023-07-15T23:00Z,Albert Duraev,JunYong Park,JunYong Park
1154,UFC Fight Night: Holm vs. Bueno Silva,2023-07-15T23:00Z,Norma Dumont,Chelsea Chandler,Norma Dumont
1154,UFC Fight Night: Holm vs. Bueno Silva,2023-07-15T23:00Z,Nazim Sadykhov,Terrance McKinney,Nazim Sadykhov
1154,UFC Fight Night: Holm vs. Bueno Silva,2023-07-15T23:00Z,Tucker Lutz,Melsik Baghdasaryan,Melsik Baghdasaryan
1154,UFC Fight Night: Holm vs. Bueno Silva,2023-07-15T23:00Z,Viktoriia Dudakova,Istela Nunes,Viktoriia Dudakova
1154,UFC Fight Night: Holm vs. Bueno Silva,2023-07-15T23:00Z,Austin Lingo,Melquizael Costa,Melquizael Costa
1154,UFC Fight Night: Holm vs. Bueno Silva,2023-07-15T23:00Z,Evan Elder,Genaro Valdez,Evan Elder
1154,UFC Fight Night: Holm vs. Bueno Silva,2023-07-15T23:00Z,Tyson Nam,Azat Maksum,Azat Maksum
1154,UFC Fight Night: Holm vs. Bueno Silva,2023-07-15T23:00Z,Alexander Munoz,Carl Deaton,Alexander Munoz
1154,UFC Fight Night: Holm vs. Bueno Silva,2023-07-15T23:00Z,Ashlee Evans-Smith,Ailin Perez,Ailin Perez
1155,UFC 291: Poirier vs. Gaethje 2,2023-07-29T23:00Z,Dustin Poirier,Justin Gaethje,Justin Gaethje
1155,UFC 291: Poirier vs. Gaethje 2,2023-07-29T23:00Z,Jan Blachowicz,Alex Pereira,Alex Pereira
1155,UFC 291: Poirier vs. Gaethje 2,2023-07-29T23:00Z,Derrick Lewis,Marcos Rogerio de Lima,Derrick Lewis
1155,UFC 291: Poirier vs. Gaethje 2,2023-07-29T23:00Z,Tony Ferguson,Bobby Green,Bobby Green
1155,UFC 291: Poirier vs. Gaethje 2,2023-07-29T23:00Z,Michael Chiesa,Kevin Holland,Kevin Holland
1155,UFC 291: Poirier vs. Gaethje 2,2023-07-29T23:00Z,Gabriel Bonfim,Trevin Giles,Gabriel Bonfim
1155,UFC 291: Poirier vs. Gaethje 2,2023-07-29T23:00Z,CJ Vergara,Vinicius Salvador,CJ Vergara
1155,UFC 291: Poirier vs. Gaethje 2,2023-07-29T23:00Z,Roman Kopylov,Claudio Ribeiro,Roman Kopylov
1155,UFC 291: Poirier vs. Gaethje 2,2023-07-29T23:00Z,Jake Matthews,Darrius Flowers,Jake Matthews
1155,UFC 291: Poirier vs. Gaethje 2,2023-07-29T23:00Z,Matthew Semelsberger,Uros Medic,Uros Medic
1155,UFC 291: Poirier vs. Gaethje 2,2023-07-29T23:00Z,Miranda Maverick,Priscila Cachoeira,Miranda Maverick
1156,UFC 292: Sterling vs. O'Malley,2023-08-19T22:30Z,Aljamain Sterling,Sean O'Malley,Sean O'Malley
1156,UFC 292: Sterling vs. O'Malley,2023-08-19T22:30Z,Zhang Weili,Amanda Lemos,Zhang Weili
1156,UFC 292: Sterling vs. O'Malley,2023-08-19T22:30Z,Neil Magny,Ian Machado Garry,Ian Machado Garry
1156,UFC 292: Sterling vs. O'Malley,2023-08-19T22:30Z,Da'Mon Blackshear,Mario Bautista,Mario Bautista
1156,UFC 292: Sterling vs. O'Malley,2023-08-19T22:30Z,Marlon Vera,Pedro Munhoz,Marlon Vera
1156,UFC 292: Sterling vs. O'Malley,2023-08-19T22:30Z,Chris Weidman,Brad Tavares,Brad Tavares
1156,UFC 292: Sterling vs. O'Malley,2023-08-19T22:30Z,Gregory Rodrigues,Denis Tiuliulin,Gregory Rodrigues
1156,UFC 292: Sterling vs. O'Malley,2023-08-19T22:30Z,Kurt Holobaugh,Austin Hubbard,Kurt Holobaugh
1156,UFC 292: Sterling vs. O'Malley,2023-08-19T22:30Z,Brad Katona,Cody Gibson,Brad Katona
1156,UFC 292: Sterling vs. O'Malley,2023-08-19T22:30Z,Andre Petroski,Gerald Meerschaert,Andre Petroski
1156,UFC 292: Sterling vs. O'Malley,2023-08-19T22:30Z,Andrea Lee,Natalia Silva,Natalia Silva
1156,UFC 292: Sterling vs. O'Malley,2023-08-19T22:30Z,Karine Silva,Maryna Moroz,Karine Silva
1157,UFC Fight Night: Luque vs. Dos Anjos,2023-08-12T20:00Z,Vicente Luque,Rafael Dos Anjos,Vicente Luque
1157,UFC Fight Night: Luque vs. Dos Anjos,2023-08-12T20:00Z,Cub Swanson,Hakeem Dawodu,Cub Swanson
1157,UFC Fight Night: Luque vs. Dos Anjos,2023-08-12T20:00Z,Khalil Rountree Jr.,Chris Daukaus,Khalil Rountree Jr.
1157,UFC Fight Night: Luque vs. Dos Anjos,2023-08-12T20:00Z,Polyana Viana,Iasmin Lucindo,Iasmin Lucindo
1157,UFC Fight Night: Luque vs. Dos Anjos,2023-08-12T20:00Z,AJ Dobson,Tafon Nchukwi,AJ Dobson
1157,UFC Fight Night: Luque vs. Dos Anjos,2023-08-12T20:00Z,Josh Fremd,Jamie Pickett,Josh Fremd
1157,UFC Fight Night: Luque vs. Dos Anjos,2023-08-12T20:00Z,JP Buys,Marcus McGhee,Marcus McGhee
1157,UFC Fight Night: Luque vs. Dos Anjos,2023-08-12T20:00Z,Terrance McKinney,Mike Breeden,Terrance McKinney
1157,UFC Fight Night: Luque vs. Dos Anjos,2023-08-12T20:00Z,Francis Marshall,Isaac Dulgarian,Isaac Dulgarian
1157,UFC Fight Night: Luque vs. Dos Anjos,2023-08-12T20:00Z,Josh Parisian,Martin Buday,Martin Buday
1157,UFC Fight Night: Luque vs. Dos Anjos,2023-08-12T20:00Z,Jaqueline Amorim,Montserrat Conejo Ruiz,Jaqueline Amorim
1157,UFC Fight Night: Luque vs. Dos Anjos,2023-08-12T20:00Z,Da'Mon Blackshear,Jose Johnson,Da'Mon Blackshear
1157,UFC Fight Night: Luque vs. Dos Anjos,2023-08-12T20:00Z,Juliana Miller,Luana Santos,Luana Santos
1158,UFC 293: Adesanya vs. Strickland,2023-09-09T22:30Z,Israel Adesanya,Sean Strickland,Sean Strickland
1158,UFC 293: Adesanya vs. Strickland,2023-09-09T22:30Z,Tai Tuivasa,Alexander Volkov,Alexander Volkov
1158,UFC 293: Adesanya vs. Strickland,2023-09-09T22:30Z,Manel Kape,Felipe dos Santos,Manel Kape
1158,UFC 293: Adesanya vs. Strickland,2023-09-09T22:30Z,Justin Tafa,Austen Lane,Justin Tafa
1158,UFC 293: Adesanya vs. Strickland,2023-09-09T22:30Z,Tyson Pedro,Anton Turkalj,Tyson Pedro
1158,UFC 293: Adesanya vs. Strickland,2023-09-09T22:30Z,Carlos Ulberg,Da Woon Jung,Carlos Ulberg
1158,UFC 293: Adesanya vs. Strickland,2023-09-09T22:30Z,Jack Jenkins,Chepe Mariscal,Chepe Mariscal
1158,UFC 293: Adesanya vs. Strickland,2023-09-09T22:30Z,Jamie Mullarkey,John Makdessi,Jamie Mullarkey
1158,UFC 293: Adesanya vs. Strickland,2023-09-09T22:30Z,Nasrat Haqparast,Landon Quinones,Nasrat Haqparast
1158,UFC 293: Adesanya vs. Strickland,2023-09-09T22:30Z,Blood Diamond,Charles Radtke,Charles Radtke
1158,UFC 293: Adesanya vs. Strickland,2023-09-09T22:30Z,Shane Young,Gabriel Miranda,Gabriel Miranda
1158,UFC 293: Adesanya vs. Strickland,2023-09-09T22:30Z,Kevin Jousset,Kiefer Crosbie,Kevin Jousset
1159,UFC Fight Night: Gane vs. Spivac,2023-09-02T16:30Z,Ciryl Gane,Serghei Spivac,Ciryl Gane
1159,UFC Fight Night: Gane vs. Spivac,2023-09-02T16:30Z,Manon Fiorot,Rose Namajunas,Manon Fiorot
1159,UFC Fight Night: Gane vs. Spivac,2023-09-02T16:30Z,Benoit Saint Denis,Thiago Moises,Benoit Saint Denis
1159,UFC Fight Night: Gane vs. Spivac,2023-09-02T16:30Z,Volkan Oezdemir,Bogdan Guskov,Volkan Oezdemir
1159,UFC Fight Night: Gane vs. Spivac,2023-09-02T16:30Z,William Gomis,Yanis Ghemmouri,William Gomis
1159,UFC Fight Night: Gane vs. Spivac,2023-09-02T16:30Z,Morgan Charriere,Manolo Zecchini,Morgan Charriere
1159,UFC Fight Night: Gane vs. Spivac,2023-09-02T16:30Z,Taylor Lapilus,Caolan Loughran,Taylor Lapilus
1159,UFC Fight Night: Gane vs. Spivac,2023-09-02T16:30Z,Ange Loosa,Rhys McKee,Ange Loosa
1159,UFC Fight Night: Gane vs. Spivac,2023-09-02T16:30Z,Nora Cornolle,Joselyne Edwards,Nora Cornolle
1159,UFC Fight Night: Gane vs. Spivac,2023-09-02T16:30Z,Farid Basharat,Kleydson Rodrigues,Farid Basharat
1159,UFC Fight Night: Gane vs. Spivac,2023-09-02T16:30Z,Zarah Fairn,Jacqueline Cavalcanti,Jacqueline Cavalcanti
1160,UFC Fight Night: Sandhagen vs. Font,2023-08-05T22:00Z,Cory Sandhagen,Rob Font,Cory Sandhagen
1160,UFC Fight Night: Sandhagen vs. Font,2023-08-05T22:00Z,Jessica Andrade,Tatiana Suarez,Tatiana Suarez
1160,UFC Fight Night: Sandhagen vs. Font,2023-08-05T22:00Z,Dustin Jacoby,Kennedy Nzechukwu,Dustin Jacoby
1160,UFC Fight Night: Sandhagen vs. Font,2023-08-05T22:00Z,Diego Lopes,Gavin Tucker,Diego Lopes
1160,UFC Fight Night: Sandhagen vs. Font,2023-08-05T22:00Z,Tanner Boser,Aleksa Camur,Tanner Boser
1160,UFC Fight Night: Sandhagen vs. Font,2023-08-05T22:00Z,Ignacio Bahamondes,Ludovit Klein,Ludovit Klein
1160,UFC Fight Night: Sandhagen vs. Font,2023-08-05T22:00Z,Kyler Phillips,Raoni Barcelos,Kyler Phillips
1160,UFC Fight Night: Sandhagen vs. Font,2023-08-05T22:00Z,Jeremiah Wells,Carlston Harris,Carlston Harris
1160,UFC Fight Night: Sandhagen vs. Font,2023-08-05T22:00Z,Billy Quarantillo,Damon Jackson,Billy Quarantillo
1160,UFC Fight Night: Sandhagen vs. Font,2023-08-05T22:00Z,Cody Durden,Jake Hadley,Cody Durden
1160,UFC Fight Night: Sandhagen vs. Font,2023-08-05T22:00Z,Sean Woodson,Dennis Buzukja,Sean Woodson
1160,UFC Fight Night: Sandhagen vs. Font,2023-08-05T22:00Z,Ode Osbourne,Asu Almabayev,Asu Almabayev
1161,UFC Fight Night: Holloway vs. The Korean Zombie,2023-08-26T09:00Z,Max Holloway,Chan Sung Jung,Max Holloway
1161,UFC Fight Night: Holloway vs. The Korean Zombie,2023-08-26T09:00Z,Anthony Smith,Ryan Spann,Anthony Smith
1161,UFC Fight Night: Holloway vs. The Korean Zombie,2023-08-26T09:00Z,Giga Chikadze,Alex Caceres,Giga Chikadze
1161,UFC Fight Night: Holloway vs. The Korean Zombie,2023-08-26T09:00Z,Rinya Nakamura,Fernie Garcia,Rinya Nakamura
1161,UFC Fight Night: Holloway vs. The Korean Zombie,2023-08-26T09:00Z,Erin Blanchfield,Taila Santos,Erin Blanchfield
1161,UFC Fight Night: Holloway vs. The Korean Zombie,2023-08-26T09:00Z,Junior Tafa,Parker Porter,Junior Tafa
1161,UFC Fight Night: Holloway vs. The Korean Zombie,2023-08-26T09:00Z,Waldo Cortes-Acosta,Lukasz Brzeski,Waldo Cortes-Acosta
1161,UFC Fight Night: Holloway vs. The Korean Zombie,2023-08-26T09:00Z,Toshiomi Kazama,Garrett Armfield,Garrett Armfield
1161,UFC Fight Night: Holloway vs. The Korean Zombie,2023-08-26T09:00Z,Chidi Njokuani,Michal Oleksiejczuk,Michal Oleksiejczuk
1161,UFC Fight Night: Holloway vs. The Korean Zombie,2023-08-26T09:00Z,Song Kenan,Rolando Bedoya,Song Kenan
1161,UFC Fight Night: Holloway vs. The Korean Zombie,2023-08-26T09:00Z,Billy Ray Goff,Yusaku Kinoshita,Billy Ray Goff
1161,UFC Fight Night: Holloway vs. The Korean Zombie,2023-08-26T09:00Z,Liang Na,JJ Aldrich,JJ Aldrich
1161,UFC Fight Night: Holloway vs. The Korean Zombie,2023-08-26T09:00Z,SeungWoo Choi,Jarno Errens,SeungWoo Choi
1162,UFC Fight Night: Grasso vs. Shevchenko 2,2023-09-16T23:00Z,Alexa Grasso,Valentina Shevchenko,Draw
1162,UFC Fight Night: Grasso vs. Shevchenko 2,2023-09-16T23:00Z,Kevin Holland,Jack Della Maddalena,Jack Della Maddalena
1162,UFC Fight Night: Grasso vs. Shevchenko 2,2023-09-16T23:00Z,Raul Rosas Jr.,Terrence Mitchell,Raul Rosas Jr.
1162,UFC Fight Night: Grasso vs. Shevchenko 2,2023-09-16T23:00Z,Daniel Zellhuber,Christos Giagos,Daniel Zellhuber
1162,UFC Fight Night: Grasso vs. Shevchenko 2,2023-09-16T23:00Z,Fernando Padilla,Kyle Nelson,Kyle Nelson
1162,UFC Fight Night: Grasso vs. Shevchenko 2,2023-09-16T23:00Z,Loopy Godinez,Elise Reed,Loopy Godinez
1162,UFC Fight Night: Grasso vs. Shevchenko 2,2023-09-16T23:00Z,Roman Kopylov,Josh Fremd,Roman Kopylov
1162,UFC Fight Night: Grasso vs. Shevchenko 2,2023-09-16T23:00Z,Edgar Chairez,Daniel Lacerda,Draw
1162,UFC Fight Night: Grasso vs. Shevchenko 2,2023-09-16T23:00Z,Tracy Cortez,Jasmine Jasudavicius,Tracy Cortez
1162,UFC Fight Night: Grasso vs. Shevchenko 2,2023-09-16T23:00Z,Alex Reyes,Charlie Campbell,Charlie Campbell
1162,UFC Fight Night: Grasso vs. Shevchenko 2,2023-09-16T23:00Z,Josefine Knutsson,Marnic Mann,Josefine Knutsson
1163,Road to UFC 2.5 + 2.6,2023-08-27T08:00Z,Shin Haraguchi,Jae Hyun Park,Shin Haraguchi
1163,Road to UFC 2.5 + 2.6,2023-08-27T08:00Z,Daermisi Zhawupasi,ChangHo Lee,ChangHo Lee
1163,Road to UFC 2.5 + 2.6,2023-08-27T08:00Z, Rongzhu,Sangwook Kim, Rongzhu
1163,Road to UFC 2.5 + 2.6,2023-08-27T08:00Z,Xiao Long,Shuya Kamikubo,Xiao Long
1163,Road to UFC 2.5 + 2.6,2023-08-27T08:00Z, Kaiwen,Koya Kanda, Kaiwen
1163,Road to UFC 2.5 + 2.6,2023-08-27T08:00Z, Jiniushiyue,SeungGuk Choi, Jiniushiyue
1163,Road to UFC 2.5 + 2.6,2023-08-27T08:00Z, Yizha,SangWon Kim, Yizha
1163,Road to UFC 2.5 + 2.6,2023-08-27T08:00Z,Rei Tsuruya,Mark Climaco,Rei Tsuruya
1163,Road to UFC 2.5 + 2.6,2023-08-27T08:00Z,Peter Danesoe,Nyamjargal Tumendemberel,Nyamjargal Tumendemberel
1164,UFC 295: Prochazka vs. Pereira,2023-11-11T23:00Z,Jiri Prochazka,Alex Pereira,Alex Pereira
1164,UFC 295: Prochazka vs. Pereira,2023-11-11T23:00Z,Sergei Pavlovich,Tom Aspinall,Tom Aspinall
1164,UFC 295: Prochazka vs. Pereira,2023-11-11T23:00Z,Jessica Andrade,Mackenzie Dern,Jessica Andrade
1164,UFC 295: Prochazka vs. Pereira,2023-11-11T23:00Z,Matt Frevola,Benoit Saint Denis,Benoit Saint Denis
1164,UFC 295: Prochazka vs. Pereira,2023-11-11T23:00Z,Diego Lopes,Pat Sabatini,Diego Lopes
1164,UFC 295: Prochazka vs. Pereira,2023-11-11T23:00Z,Steve Erceg,Alessandro Costa,Steve Erceg
1164,UFC 295: Prochazka vs. Pereira,2023-11-11T23:00Z,Tabatha Ricci,Loopy Godinez,Loopy Godinez
1164,UFC 295: Prochazka vs. Pereira,2023-11-11T23:00Z,Mateusz Rebecki,Roosevelt Roberts,Mateusz Rebecki
1164,UFC 295: Prochazka vs. Pereira,2023-11-11T23:00Z,Nazim Sadykhov,Viacheslav Borshchev,Draw
1164,UFC 295: Prochazka vs. Pereira,2023-11-11T23:00Z,Jared Gordon,Mark Madsen,Jared Gordon
1164,UFC 295: Prochazka vs. Pereira,2023-11-11T23:00Z,John Castaneda,Kyung Ho Kang,John Castaneda
1164,UFC 295: Prochazka vs. Pereira,2023-11-11T23:00Z,Joshua Van,Kevin Borjas,Joshua Van
1164,UFC 295: Prochazka vs. Pereira,2023-11-11T23:00Z,Dennis Buzukja,Jamall Emmers,Jamall Emmers
1165,DWCS 7.1,2023-08-08T23:00Z,Cesar Almeida,Lucas Fernando,Cesar Almeida
1165,DWCS 7.1,2023-08-08T23:00Z,Tom Nolan,Bogdan Grad,Tom Nolan
1165,DWCS 7.1,2023-08-08T23:00Z,Kevin Szaflarski,Caio Machado,Caio Machado
1165,DWCS 7.1,2023-08-08T23:00Z,Payton Talbott,Reyes Cortez Jr.,Payton Talbott
1165,DWCS 7.1,2023-08-08T23:00Z,Victor Dias,Kevin Borjas,Kevin Borjas
1166,DWCS 7.2,2023-08-15T23:00Z,George Hardwick,Abdul-Kareem Al-Selwady,Abdul-Kareem Al-Selwady
1166,DWCS 7.2,2023-08-15T23:00Z,Ibo Aslan,Paulo Renato Junior,Ibo Aslan
1166,DWCS 7.2,2023-08-15T23:00Z,Hyder Amil,Emrah Sonmez,Hyder Amil
1166,DWCS 7.2,2023-08-15T23:00Z,Eduarda Moura,Janaina Silva,Eduarda Moura
1166,DWCS 7.2,2023-08-15T23:00Z,Cameron Smotherman,Charalampos Grigoriou,Charalampos Grigoriou
1167,DWCS 7.3,2023-08-23T00:00Z,Eli Aronov,Zach Reese,Zach Reese
1167,DWCS 7.3,2023-08-23T00:00Z,Kaik Brito,Oban Elliott,Oban Elliott
1167,DWCS 7.3,2023-08-23T00:00Z,Isis Verbeek,Josefine Knutsson,Josefine Knutsson
1167,DWCS 7.3,2023-08-23T00:00Z,Luis Pajuelo,Robbie Ring,Luis Pajuelo
1168,DWCS 7.4,2023-08-30T00:00Z,Mitch Ramirez,Carlos Prates,Carlos Prates
1168,DWCS 7.4,2023-08-30T00:00Z,Yousri Belgaroui,Marco Tulio,Marco Tulio
1168,DWCS 7.4,2023-08-30T00:00Z,Timmy Cuamba,Mateo Vogel,Timmy Cuamba
1168,DWCS 7.4,2023-08-30T00:00Z,Thomas Petersen,Chandler Cole,Thomas Petersen
1168,DWCS 7.4,2023-08-30T00:00Z,Bolaji Oki,Dylan Salvador,Bolaji Oki
1169,DWCS 7.5,2023-09-06T00:00Z,Bruno Lopes,Brendson Ribeiro,Brendson Ribeiro
1169,DWCS 7.5,2023-09-06T00:00Z,Ramon Taveras,Serhiy Sidey,Serhiy Sidey
1169,DWCS 7.5,2023-09-06T00:00Z,Chad Hanekom,Dylan Budka,Dylan Budka
1169,DWCS 7.5,2023-09-06T00:00Z,Jean Silva,Kevin Vallejos,Jean Silva
1169,DWCS 7.5,2023-09-06T00:00Z,Rainn Guerrero,Dione Barbosa,Dione Barbosa
1170,UFC Fight Night: Fiziev vs. Gamrot,2023-09-23T20:00Z,Rafael Fiziev,Mateusz Gamrot,Mateusz Gamrot
1170,UFC Fight Night: Fiziev vs. Gamrot,2023-09-23T20:00Z,Bryce Mitchell,Dan Ige,Bryce Mitchell
1170,UFC Fight Night: Fiziev vs. Gamrot,2023-09-23T20:00Z,Marina Rodriguez,Michelle Waterson-Gomez,Marina Rodriguez
1170,UFC Fight Night: Fiziev vs. Gamrot,2023-09-23T20:00Z,Bryan Battle,AJ Fletcher,Bryan Battle
1170,UFC Fight Night: Fiziev vs. Gamrot,2023-09-23T20:00Z,Ricardo Ramos,Charles Jourdain,Charles Jourdain
1170,UFC Fight Night: Fiziev vs. Gamrot,2023-09-23T20:00Z,Dan Argueta,Miles Johns,Draw
1170,UFC Fight Night: Fiziev vs. Gamrot,2023-09-23T20:00Z,Tim Means,Andre Fialho,Tim Means
1170,UFC Fight Night: Fiziev vs. Gamrot,2023-09-23T20:00Z,Jacob Malkoun,Cody Brundage,Cody Brundage
1170,UFC Fight Night: Fiziev vs. Gamrot,2023-09-23T20:00Z,Mohammed Usman,Jake Collier,Mohammed Usman
1170,UFC Fight Night: Fiziev vs. Gamrot,2023-09-23T20:00Z, Mizuki,Hannah Goldy, Mizuki
1170,UFC Fight Night: Fiziev vs. Gamrot,2023-09-23T20:00Z,Tamires Vidal,Montserrat Rendon,Montserrat Rendon
1171,UFC Fight Night: Almeida vs. Lewis,2023-11-04T22:00Z,Jailton Almeida,Derrick Lewis,Jailton Almeida
1171,UFC Fight Night: Almeida vs. Lewis,2023-11-04T22:00Z,Gabriel Bonfim,Nicolas Dalby,Nicolas Dalby
1171,UFC Fight Night: Almeida vs. Lewis,2023-11-04T22:00Z,Rodrigo Nascimento,Don'Tale Mayes,Rodrigo Nascimento
1171,UFC Fight Night: Almeida vs. Lewis,2023-11-04T22:00Z,Caio Borralho,Abus Magomedov,Caio Borralho
1171,UFC Fight Night: Almeida vs. Lewis,2023-11-04T22:00Z,Elves Brener,Kaynan Kruschewsky,Elves Brener
1171,UFC Fight Night: Almeida vs. Lewis,2023-11-04T22:00Z,Rinat Fakhretdinov,Elizeu Zaleski dos Santos,Draw
1171,UFC Fight Night: Almeida vs. Lewis,2023-11-04T22:00Z,Vitor Petrino,Modestas Bukauskas,Vitor Petrino
1171,UFC Fight Night: Almeida vs. Lewis,2023-11-04T22:00Z,Angela Hill,Denise Gomes,Angela Hill
1171,UFC Fight Night: Almeida vs. Lewis,2023-11-04T22:00Z,Eduarda Moura,Montserrat Conejo Ruiz,Eduarda Moura
1171,UFC Fight Night: Almeida vs. Lewis,2023-11-04T22:00Z,Kaue Fernandes,Marc Diakiese,Marc Diakiese
1172,UFC Fight Night: Allen vs. Craig,2023-11-18T19:00Z,Brendan Allen,Paul Craig,Brendan Allen
1172,UFC Fight Night: Allen vs. Craig,2023-11-18T19:00Z,Michael Morales,Jake Matthews,Michael Morales
1172,UFC Fight Night: Allen vs. Craig,2023-11-18T19:00Z,Chase Hooper,Jordan Leavitt,Chase Hooper
1172,UFC Fight Night: Allen vs. Craig,2023-11-18T19:00Z,Payton Talbott,Nick Aguirre,Payton Talbott
1172,UFC Fight Night: Allen vs. Craig,2023-11-18T19:00Z,Luana Pinheiro,Amanda Ribas,Amanda Ribas
1172,UFC Fight Night: Allen vs. Craig,2023-11-18T19:00Z,Uros Medic,Myktybek Orolbai,Myktybek Orolbai
1172,UFC Fight Night: Allen vs. Craig,2023-11-18T19:00Z,Jonathan Pearce,Joanderson Brito,Joanderson Brito
1172,UFC Fight Night: Allen vs. Craig,2023-11-18T19:00Z,Chad Anheliger,Jose Johnson,Jose Johnson
1172,UFC Fight Night: Allen vs. Craig,2023-11-18T19:00Z,Christian Leroy Duncan,Denis Tiuliulin,Christian Leroy Duncan
1172,UFC Fight Night: Allen vs. Craig,2023-11-18T19:00Z,Mick Parkin,Caio Machado,Mick Parkin
1172,UFC Fight Night: Allen vs. Craig,2023-11-18T19:00Z,Jeka Saragih,Lucas Alexander,Jeka Saragih
1172,UFC Fight Night: Allen vs. Craig,2023-11-18T19:00Z,Lucie Pudilova,Ailin Perez,Ailin Perez
1172,UFC Fight Night: Allen vs. Craig,2023-11-18T19:00Z,Trey Ogden,Nikolas Motta,Draw
1172,UFC Fight Night: Allen vs. Craig,2023-11-18T19:00Z,Charles Johnson,Rafael Estevam,Rafael Estevam
1173,DWCS 7.6,2023-09-13T00:00Z,James Llontop,Malik Lewis,James Llontop
1173,DWCS 7.6,2023-09-13T00:00Z,Jhonata Diniz,Eduardo Neves,Jhonata Diniz
1173,DWCS 7.6,2023-09-13T00:00Z,Steven Nguyen,AJ Cunningham,Steven Nguyen
1173,DWCS 7.6,2023-09-13T00:00Z,Julia Polastri,Patricia Alujas,Julia Polastri
1173,DWCS 7.6,2023-09-13T00:00Z,Jean Matsumoto,Kasey Tanner,Jean Matsumoto
1174,DWCS 7.7,2023-09-20T00:00Z,Shamil Gaziev,Greg Velasco,Shamil Gaziev
1174,DWCS 7.7,2023-09-20T00:00Z,Jacobi Jones,Daniel Allen,Daniel Allen
1174,DWCS 7.7,2023-09-20T00:00Z,Stephanie Luciano,Talita Alencar,Draw
1174,DWCS 7.7,2023-09-20T00:00Z,Dylan Mantello,Kaynan Kruschewsky,Kaynan Kruschewsky
1174,DWCS 7.7,2023-09-20T00:00Z,Igor Severino,Jhonata Silva,Igor Severino
1175,DWCS 7.8,2023-09-27T00:00Z,Danny Barlow,Raheam Forest,Danny Barlow
1175,DWCS 7.8,2023-09-27T00:00Z,Alexander Soldatkin,Mario Piazzon,Mario Piazzon
1175,DWCS 7.8,2023-09-27T00:00Z,Angel Pacheco,Danny Silva,Danny Silva
1175,DWCS 7.8,2023-09-27T00:00Z,Carli Judice,Ernesta Kareckaite,Ernesta Kareckaite
1175,DWCS 7.8,2023-09-27T00:00Z,Vinicius Oliveira,Victor Madrigal,Vinicius Oliveira
1176,DWCS 7.9,2023-10-04T00:00Z,Murtaza Talha,Rodolfo Bellato,Rodolfo Bellato
1176,DWCS 7.9,2023-10-04T00:00Z,Victor Hugo,Eduardo Torres Caut,Victor Hugo
1176,DWCS 7.9,2023-10-04T00:00Z,Jose Medina,Magomed Gadzhiyasulov,Magomed Gadzhiyasulov
1176,DWCS 7.9,2023-10-04T00:00Z,Mauricio Ruffy,Raimond Magomedaliev,Mauricio Ruffy
1177,DWCS 7.10,2023-10-11T00:00Z,Ramon Taveras,Cortavious Romious,Ramon Taveras
1177,DWCS 7.10,2023-10-11T00:00Z,Rickson Zenidim,Andre Lima,Andre Lima
1177,DWCS 7.10,2023-10-11T00:00Z,Connor Matthews,Jair Farias,Connor Matthews
1177,DWCS 7.10,2023-10-11T00:00Z,Yuri Panferov,Torrez Finney,Torrez Finney
1177,DWCS 7.10,2023-10-11T00:00Z,MarQuel Mederos,Issa Isakov,MarQuel Mederos
1177,DWCS 7.10,2023-10-11T00:00Z,Davi Bittencourt,Lucas Rocha,Lucas Rocha
1178,UFC Fight Night: Dawson vs. Green,2023-10-07T20:00Z,Grant Dawson,Bobby Green,Bobby Green
1178,UFC Fight Night: Dawson vs. Green,2023-10-07T20:00Z,Joe Pyfer,Abdul Razak Alhassan,Joe Pyfer
1178,UFC Fight Night: Dawson vs. Green,2023-10-07T20:00Z,Alex Morono,Joaquin Buckley,Joaquin Buckley
1178,UFC Fight Night: Dawson vs. Green,2023-10-07T20:00Z,Drew Dober,Ricky Glenn,Drew Dober
1178,UFC Fight Night: Dawson vs. Green,2023-10-07T20:00Z,Alexander Hernandez,Bill Algeo,Bill Algeo
1178,UFC Fight Night: Dawson vs. Green,2023-10-07T20:00Z,Karolina Kowalkiewicz,Diana Belbita,Karolina Kowalkiewicz
1178,UFC Fight Night: Dawson vs. Green,2023-10-07T20:00Z,Nate Maness,Mateus Mendonca,Nate Maness
1178,UFC Fight Night: Dawson vs. Green,2023-10-07T20:00Z,Vanessa Demopoulos,Kanako Murata,Vanessa Demopoulos
1178,UFC Fight Night: Dawson vs. Green,2023-10-07T20:00Z, Aoriqileng,Johnny Munoz, Aoriqileng
1178,UFC Fight Night: Dawson vs. Green,2023-10-07T20:00Z,Montana De La Rosa,JJ Aldrich,JJ Aldrich
1179,UFC Fight Night: Yusuff vs. Barboza,2023-10-14T20:00Z,Sodiq Yusuff,Edson Barboza,Edson Barboza
1179,UFC Fight Night: Yusuff vs. Barboza,2023-10-14T20:00Z,Jennifer Maia,Viviane Araujo,Viviane Araujo
1179,UFC Fight Night: Yusuff vs. Barboza,2023-10-14T20:00Z,Jonathan Martinez,Adrian Yanez,Jonathan Martinez
1179,UFC Fight Night: Yusuff vs. Barboza,2023-10-14T20:00Z,Andre Petroski,Michel Pereira,Michel Pereira
1179,UFC Fight Night: Yusuff vs. Barboza,2023-10-14T20:00Z,Christian Rodriguez,Cameron Saaiman,Christian Rodriguez
1179,UFC Fight Night: Yusuff vs. Barboza,2023-10-14T20:00Z,Darren Elkins,TJ Brown,Darren Elkins
1179,UFC Fight Night: Yusuff vs. Barboza,2023-10-14T20:00Z,Tainara Lisboa,Ravena Oliveira,Tainara Lisboa
1179,UFC Fight Night: Yusuff vs. Barboza,2023-10-14T20:00Z,Terrance McKinney,Brendon Marotte,Terrance McKinney
1179,UFC Fight Night: Yusuff vs. Barboza,2023-10-14T20:00Z,Irina Alekseeva,Melissa Mullins,Melissa Mullins
1179,UFC Fight Night: Yusuff vs. Barboza,2023-10-14T20:00Z,Chris Gutierrez, Alatengheili,Chris Gutierrez
1179,UFC Fight Night: Yusuff vs. Barboza,2023-10-14T20:00Z,Ashley Yoder,Emily Ducote,Emily Ducote
1180,UFC 296: Edwards vs. Covington,2023-12-16T23:30Z,Leon Edwards,Colby Covington,Leon Edwards
1180,UFC 296: Edwards vs. Covington,2023-12-16T23:30Z,Alexandre Pantoja,Brandon Royval,Alexandre Pantoja
1180,UFC 296: Edwards vs. Covington,2023-12-16T23:30Z,Shavkat Rakhmonov,Stephen Thompson,Shavkat Rakhmonov
1180,UFC 296: Edwards vs. Covington,2023-12-16T23:30Z,Tony Ferguson,Paddy Pimblett,Paddy Pimblett
1180,UFC 296: Edwards vs. Covington,2023-12-16T23:30Z,Josh Emmett,Bryce Mitchell,Josh Emmett
1180,UFC 296: Edwards vs. Covington,2023-12-16T23:30Z,Alonzo Menifield,Dustin Jacoby,Alonzo Menifield
1180,UFC 296: Edwards vs. Covington,2023-12-16T23:30Z,Irene Aldana,Karol Rosa,Irene Aldana
1180,UFC 296: Edwards vs. Covington,2023-12-16T23:30Z,Cody Garbrandt,Brian Kelleher,Cody Garbrandt
1180,UFC 296: Edwards vs. Covington,2023-12-16T23:30Z,Casey O'Neill,Ariane da Silva,Ariane da Silva
1180,UFC 296: Edwards vs. Covington,2023-12-16T23:30Z,Tagir Ulanbekov,Cody Durden,Tagir Ulanbekov
1180,UFC 296: Edwards vs. Covington,2023-12-16T23:30Z,Andre Fili,Lucas Almeida,Andre Fili
1180,UFC 296: Edwards vs. Covington,2023-12-16T23:30Z,Martin Buday,Shamil Gaziev,Shamil Gaziev
1181,UFC Fight Night: Dariush vs. Tsarukyan,2023-12-02T21:00Z,Beneil Dariush,Arman Tsarukyan,Arman Tsarukyan
1181,UFC Fight Night: Dariush vs. Tsarukyan,2023-12-02T21:00Z,Jalin Turner,Bobby Green,Jalin Turner
1181,UFC Fight Night: Dariush vs. Tsarukyan,2023-12-02T21:00Z,Rob Font,Deiveson Figueiredo,Deiveson Figueiredo
1181,UFC Fight Night: Dariush vs. Tsarukyan,2023-12-02T21:00Z,Sean Brady,Kelvin Gastelum,Sean Brady
1181,UFC Fight Night: Dariush vs. Tsarukyan,2023-12-02T21:00Z,Clay Guida,Joaquim Silva,Joaquim Silva
1181,UFC Fight Night: Dariush vs. Tsarukyan,2023-12-02T21:00Z,Punahele Soriano,Dustin Stoltzfus,Dustin Stoltzfus
1181,UFC Fight Night: Dariush vs. Tsarukyan,2023-12-02T21:00Z,Miesha Tate,Julia Avila,Miesha Tate
1181,UFC Fight Night: Dariush vs. Tsarukyan,2023-12-02T21:00Z,Zach Reese,Cody Brundage,Cody Brundage
1181,UFC Fight Night: Dariush vs. Tsarukyan,2023-12-02T21:00Z,Drakkar Klose,Joe Solecki,Drakkar Klose
1181,UFC Fight Night: Dariush vs. Tsarukyan,2023-12-02T21:00Z,Rodolfo Bellato,Ihor Potieria,Rodolfo Bellato
1181,UFC Fight Night: Dariush vs. Tsarukyan,2023-12-02T21:00Z,Wellington Turman,Jared Gooden,Jared Gooden
1181,UFC Fight Night: Dariush vs. Tsarukyan,2023-12-02T21:00Z,Veronica Hardy,Jamey-Lyn Horth,Veronica Hardy
1182,UFC 297: Strickland vs. Du Plessis,2024-01-20T23:30Z,Sean Strickland,Dricus Du Plessis,Dricus Du Plessis
1182,UFC 297: Strickland vs. Du Plessis,2024-01-20T23:30Z,Raquel Pennington,Mayra Bueno Silva,Raquel Pennington
1182,UFC 297: Strickland vs. Du Plessis,2024-01-20T23:30Z,Neil Magny,Mike Malott,Neil Magny
1182,UFC 297: Strickland vs. Du Plessis,2024-01-20T23:30Z,Chris Curtis,Marc-Andre Barriault,Chris Curtis
1182,UFC 297: Strickland vs. Du Plessis,2024-01-20T23:30Z,Arnold Allen,Movsar Evloev,Movsar Evloev
1182,UFC 297: Strickland vs. Du Plessis,2024-01-20T23:30Z,Brad Katona,Garrett Armfield,Garrett Armfield
1182,UFC 297: Strickland vs. Du Plessis,2024-01-20T23:30Z,Charles Jourdain,Sean Woodson,Sean Woodson
1182,UFC 297: Strickland vs. Du Plessis,2024-01-20T23:30Z,Serhiy Sidey,Ramon Taveras,Ramon Taveras
1182,UFC 297: Strickland vs. Du Plessis,2024-01-20T23:30Z,Gillian Robertson,Polyana Viana,Gillian Robertson
1182,UFC 297: Strickland vs. Du Plessis,2024-01-20T23:30Z,Yohan Lainesse,Sam Patterson,Sam Patterson
1182,UFC 297: Strickland vs. Du Plessis,2024-01-20T23:30Z,Jasmine Jasudavicius,Priscila Cachoeira,Jasmine Jasudavicius
1182,UFC 297: Strickland vs. Du Plessis,2024-01-20T23:30Z,Malcolm Gordon,Jimmy Flick,Jimmy Flick
1183,UFC 298: Volkanovski vs. Topuria,2024-02-17T23:30Z,Alexander Volkanovski,Ilia Topuria,Ilia Topuria
1183,UFC 298: Volkanovski vs. Topuria,2024-02-17T23:30Z,Robert Whittaker,Paulo Costa,Robert Whittaker
1183,UFC 298: Volkanovski vs. Topuria,2024-02-17T23:30Z,Geoff Neal,Ian Machado Garry,Ian Machado Garry
1183,UFC 298: Volkanovski vs. Topuria,2024-02-17T23:30Z,Merab Dvalishvili,Henry Cejudo,Merab Dvalishvili
1183,UFC 298: Volkanovski vs. Topuria,2024-02-17T23:30Z,Anthony Hernandez,Roman Kopylov,Anthony Hernandez
1183,UFC 298: Volkanovski vs. Topuria,2024-02-17T23:30Z,Amanda Lemos,Mackenzie Dern,Amanda Lemos
1183,UFC 298: Volkanovski vs. Topuria,2024-02-17T23:30Z,Marcos Rogerio de Lima,Junior Tafa,Marcos Rogerio de Lima
1183,UFC 298: Volkanovski vs. Topuria,2024-02-17T23:30Z,Rinya Nakamura,Carlos Vera,Rinya Nakamura
1183,UFC 298: Volkanovski vs. Topuria,2024-02-17T23:30Z,Zhang Mingyang,Brendson Ribeiro,Zhang Mingyang
1183,UFC 298: Volkanovski vs. Topuria,2024-02-17T23:30Z,Josh Quinlan,Danny Barlow,Danny Barlow
1183,UFC 298: Volkanovski vs. Topuria,2024-02-17T23:30Z,Oban Elliott,Val Woodburn,Oban Elliott
1183,UFC 298: Volkanovski vs. Topuria,2024-02-17T23:30Z,Andrea Lee,Miranda Maverick,Miranda Maverick
1184,UFC Fight Night: Song vs. Gutierrez,2023-12-10T00:30Z,Song Yadong,Chris Gutierrez,Song Yadong
1184,UFC Fight Night: Song vs. Gutierrez,2023-12-10T00:30Z,Anthony Smith,Khalil Rountree Jr.,Khalil Rountree Jr.
1184,UFC Fight Night: Song vs. Gutierrez,2023-12-10T00:30Z,Nasrat Haqparast,Jamie Mullarkey,Nasrat Haqparast
1184,UFC Fight Night: Song vs. Gutierrez,2023-12-10T00:30Z,Tim Elliott, Sumudaerji,Tim Elliott
1184,UFC Fight Night: Song vs. Gutierrez,2023-12-10T00:30Z,JunYong Park,Andre Muniz,Andre Muniz
1184,UFC Fight Night: Song vs. Gutierrez,2023-12-10T00:30Z,Song Kenan,Kevin Jousset,Kevin Jousset
1184,UFC Fight Night: Song vs. Gutierrez,2023-12-10T00:30Z,HyunSung Park,Shannon Ross,HyunSung Park
1184,UFC Fight Night: Song vs. Gutierrez,2023-12-10T00:30Z,Steve Garcia,Melquizael Costa,Steve Garcia
1184,UFC Fight Night: Song vs. Gutierrez,2023-12-10T00:30Z,Luana Santos,Stephanie Egger,Luana Santos
1184,UFC Fight Night: Song vs. Gutierrez,2023-12-10T00:30Z,Tatsuro Taira,Carlos Hernandez,Tatsuro Taira
1184,UFC Fight Night: Song vs. Gutierrez,2023-12-10T00:30Z,Rayanne dos Santos,Talita Alencar,Talita Alencar
1185,UFC Fight Night: Ankalaev vs. Walker 2,2024-01-13T21:00Z,Magomed Ankalaev,Johnny Walker,Magomed Ankalaev
1185,UFC Fight Night: Ankalaev vs. Walker 2,2024-01-13T21:00Z,Jim Miller,Gabriel Benitez,Jim Miller
1185,UFC Fight Night: Ankalaev vs. Walker 2,2024-01-13T21:00Z,Ricky Simon,Mario Bautista,Mario Bautista
1185,UFC Fight Night: Ankalaev vs. Walker 2,2024-01-13T21:00Z,Phil Hawes,Brunno Ferreira,Brunno Ferreira
1185,UFC Fight Night: Ankalaev vs. Walker 2,2024-01-13T21:00Z,Andrei Arlovski,Waldo Cortes-Acosta,Waldo Cortes-Acosta
1185,UFC Fight Night: Ankalaev vs. Walker 2,2024-01-13T21:00Z,Matthew Semelsberger,Preston Parsons,Preston Parsons
1185,UFC Fight Night: Ankalaev vs. Walker 2,2024-01-13T21:00Z,Marcus McGhee,Gaston Bolanos,Marcus McGhee
1185,UFC Fight Night: Ankalaev vs. Walker 2,2024-01-13T21:00Z,Farid Basharat,Taylor Lapilus,Farid Basharat
1185,UFC Fight Night: Ankalaev vs. Walker 2,2024-01-13T21:00Z,Westin Wilson,Jean Silva,Jean Silva
1185,UFC Fight Night: Ankalaev vs. Walker 2,2024-01-13T21:00Z,Nikolas Motta,Tom Nolan,Nikolas Motta
1185,UFC Fight Night: Ankalaev vs. Walker 2,2024-01-13T21:00Z,Joshua Van,Felipe Bunes,Joshua Van
1186,UFC Fight Night: Hermansson vs. Pyfer,2024-02-10T21:00Z,Jack Hermansson,Joe Pyfer,Jack Hermansson
1186,UFC Fight Night: Hermansson vs. Pyfer,2024-02-10T21:00Z,Dan Ige,Andre Fili,Dan Ige
1186,UFC Fight Night: Hermansson vs. Pyfer,2024-02-10T21:00Z,Robert Bryczek,Ihor Potieria,Ihor Potieria
1186,UFC Fight Night: Hermansson vs. Pyfer,2024-02-10T21:00Z,Brad Tavares,Gregory Rodrigues,Gregory Rodrigues
1186,UFC Fight Night: Hermansson vs. Pyfer,2024-02-10T21:00Z,Michael Johnson,Darrius Flowers,Michael Johnson
1186,UFC Fight Night: Hermansson vs. Pyfer,2024-02-10T21:00Z,Rodolfo Vieira,Armen Petrosyan,Rodolfo Vieira
1186,UFC Fight Night: Hermansson vs. Pyfer,2024-02-10T21:00Z,Trevin Giles,Carlos Prates,Carlos Prates
1186,UFC Fight Night: Hermansson vs. Pyfer,2024-02-10T21:00Z,Bolaji Oki,Timmy Cuamba,Bolaji Oki
1186,UFC Fight Night: Hermansson vs. Pyfer,2024-02-10T21:00Z,Loma Lookboonmee,Bruna Brasil,Loma Lookboonmee
1186,UFC Fight Night: Hermansson vs. Pyfer,2024-02-10T21:00Z,Devin Clark,Marcin Prachnio,Marcin Prachnio
1186,UFC Fight Night: Hermansson vs. Pyfer,2024-02-10T21:00Z,Max Griffin,Jeremiah Wells,Max Griffin
1186,UFC Fight Night: Hermansson vs. Pyfer,2024-02-10T21:00Z,Zac Pauga,Bogdan Guskov,Bogdan Guskov
1186,UFC Fight Night: Hermansson vs. Pyfer,2024-02-10T21:00Z,Fernie Garcia,Hyder Amil,Hyder Amil
1186,UFC Fight Night: Hermansson vs. Pyfer,2024-02-10T21:00Z,Daniel Marcos, Aoriqileng,Draw
1187,UFC 299: O'Malley vs. Vera 2,2024-03-09T23:00Z,Sean O'Malley,Marlon Vera,Sean O'Malley
1187,UFC 299: O'Malley vs. Vera 2,2024-03-09T23:00Z,Dustin Poirier,Benoit Saint Denis,Dustin Poirier
1187,UFC 299: O'Malley vs. Vera 2,2024-03-09T23:00Z,Kevin Holland,Michael Page,Michael Page
1187,UFC 299: O'Malley vs. Vera 2,2024-03-09T23:00Z,Gilbert Burns,Jack Della Maddalena,Jack Della Maddalena
1187,UFC 299: O'Malley vs. Vera 2,2024-03-09T23:00Z,Petr Yan,Song Yadong,Petr Yan
1187,UFC 299: O'Malley vs. Vera 2,2024-03-09T23:00Z,Curtis Blaydes,Jailton Almeida,Curtis Blaydes
1187,UFC 299: O'Malley vs. Vera 2,2024-03-09T23:00Z,Katlyn Cerminara,Maycee Barber,Maycee Barber
1187,UFC 299: O'Malley vs. Vera 2,2024-03-09T23:00Z,Mateusz Gamrot,Rafael Dos Anjos,Mateusz Gamrot
1187,UFC 299: O'Malley vs. Vera 2,2024-03-09T23:00Z,Pedro Munhoz,Kyler Phillips,Kyler Phillips
1187,UFC 299: O'Malley vs. Vera 2,2024-03-09T23:00Z,Ion Cutelaba,Philipe Lins,Philipe Lins
1187,UFC 299: O'Malley vs. Vera 2,2024-03-09T23:00Z,Michel Pereira,Michal Oleksiejczuk,Michel Pereira
1187,UFC 299: O'Malley vs. Vera 2,2024-03-09T23:00Z,Robelis Despaigne,Josh Parisian,Robelis Despaigne
1187,UFC 299: O'Malley vs. Vera 2,2024-03-09T23:00Z,CJ Vergara,Asu Almabayev,Asu Almabayev
1187,UFC 299: O'Malley vs. Vera 2,2024-03-09T23:00Z,Joanne Wood,Maryna Moroz,Joanne Wood
1188,UFC Fight Night: Dolidze vs. Imavov,2024-02-03T21:00Z,Roman Dolidze,Nassourdine Imavov,Nassourdine Imavov
1188,UFC Fight Night: Dolidze vs. Imavov,2024-02-03T21:00Z,Renato Moicano,Drew Dober,Renato Moicano
1188,UFC Fight Night: Dolidze vs. Imavov,2024-02-03T21:00Z,Randy Brown,Muslim Salikhov,Randy Brown
1188,UFC Fight Night: Dolidze vs. Imavov,2024-02-03T21:00Z,Viviane Araujo,Natalia Silva,Natalia Silva
1188,UFC Fight Night: Dolidze vs. Imavov,2024-02-03T21:00Z,Aliaskhab Khizriev,Makhmud Muradov,Draw
1188,UFC Fight Night: Dolidze vs. Imavov,2024-02-03T21:00Z,Gilbert Urbina,Charles Radtke,Charles Radtke
1188,UFC Fight Night: Dolidze vs. Imavov,2024-02-03T21:00Z,Molly McCann,Diana Belbita,Molly McCann
1188,UFC Fight Night: Dolidze vs. Imavov,2024-02-03T21:00Z,Azat Maksum,Charles Johnson,Charles Johnson
1188,UFC Fight Night: Dolidze vs. Imavov,2024-02-03T21:00Z,Themba Gorimbo,Pete Rodriguez,Themba Gorimbo
1188,UFC Fight Night: Dolidze vs. Imavov,2024-02-03T21:00Z,JeongYeong Lee,Blake Bilder,JeongYeong Lee
1188,UFC Fight Night: Dolidze vs. Imavov,2024-02-03T21:00Z,Luana Carolina,Julija Stoliarenko,Luana Carolina
1188,UFC Fight Night: Dolidze vs. Imavov,2024-02-03T21:00Z,Landon Quinones,MarQuel Mederos,MarQuel Mederos
1188,UFC Fight Night: Dolidze vs. Imavov,2024-02-03T21:00Z,Thomas Petersen,Jamal Pogues,Jamal Pogues
1189,UFC Fight Night: Moreno vs. Royval 2,2024-02-25T00:00Z,Brandon Moreno,Brandon Royval,Brandon Royval
1189,UFC Fight Night: Moreno vs. Royval 2,2024-02-25T00:00Z,Yair Rodriguez,Brian Ortega,Brian Ortega
1189,UFC Fight Night: Moreno vs. Royval 2,2024-02-25T00:00Z,Daniel Zellhuber,Francisco Prado,Daniel Zellhuber
1189,UFC Fight Night: Moreno vs. Royval 2,2024-02-25T00:00Z,Yazmin Jauregui,Sam Hughes,Yazmin Jauregui
1189,UFC Fight Night: Moreno vs. Royval 2,2024-02-25T00:00Z,Manuel Torres,Chris Duncan,Manuel Torres
1189,UFC Fight Night: Moreno vs. Royval 2,2024-02-25T00:00Z,Cristian Quinonez,Raoni Barcelos,Raoni Barcelos
1189,UFC Fight Night: Moreno vs. Royval 2,2024-02-25T00:00Z,Jesus Aguilar,Mateus Mendonca,Jesus Aguilar
1189,UFC Fight Night: Moreno vs. Royval 2,2024-02-25T00:00Z,Edgar Chairez,Daniel Lacerda,Edgar Chairez
1189,UFC Fight Night: Moreno vs. Royval 2,2024-02-25T00:00Z,Claudio Puelles,Fares Ziam,Fares Ziam
1189,UFC Fight Night: Moreno vs. Royval 2,2024-02-25T00:00Z,Ronaldo Rodriguez,Denys Bondar,Ronaldo Rodriguez
1189,UFC Fight Night: Moreno vs. Royval 2,2024-02-25T00:00Z,Victor Altamirano,Felipe dos Santos,Felipe dos Santos
1189,UFC Fight Night: Moreno vs. Royval 2,2024-02-25T00:00Z,Erik Silva,Muhammad Naimov,Muhammad Naimov
1190,UFC Fight Night: Rozenstruik vs. Gaziev,2024-03-02T18:30Z,Jairzinho Rozenstruik,Shamil Gaziev,Jairzinho Rozenstruik
1190,UFC Fight Night: Rozenstruik vs. Gaziev,2024-03-02T18:30Z,Vitor Petrino,Tyson Pedro,Vitor Petrino
1190,UFC Fight Night: Rozenstruik vs. Gaziev,2024-03-02T18:30Z,Alex Perez,Muhammad Mokaev,Muhammad Mokaev
1190,UFC Fight Night: Rozenstruik vs. Gaziev,2024-03-02T18:30Z,Umar Nurmagomedov,Bekzat Almakhan,Umar Nurmagomedov
1190,UFC Fight Night: Rozenstruik vs. Gaziev,2024-03-02T18:30Z,Matt Schnell,Steve Erceg,Steve Erceg
1190,UFC Fight Night: Rozenstruik vs. Gaziev,2024-03-02T18:30Z,Eryk Anders,Jamie Pickett,Eryk Anders
1190,UFC Fight Night: Rozenstruik vs. Gaziev,2024-03-02T18:30Z,Vinicius Oliveira,Benardo Sopaj,Vinicius Oliveira
1190,UFC Fight Night: Rozenstruik vs. Gaziev,2024-03-02T18:30Z,Aiemann Zahabi,Javid Basharat,Aiemann Zahabi
1190,UFC Fight Night: Rozenstruik vs. Gaziev,2024-03-02T18:30Z,Christian Leroy Duncan,Claudio Ribeiro,Christian Leroy Duncan
1190,UFC Fight Night: Rozenstruik vs. Gaziev,2024-03-02T18:30Z,Ludovit Klein,AJ Cunningham,Ludovit Klein
1190,UFC Fight Night: Rozenstruik vs. Gaziev,2024-03-02T18:30Z,Abdul-Kareem Al-Selwady,Loik Radzhabov,Loik Radzhabov
1191,UFC Fight Night: Blanchfield vs. Fiorot,2024-03-30T23:00Z,Erin Blanchfield,Manon Fiorot,Manon Fiorot
1191,UFC Fight Night: Blanchfield vs. Fiorot,2024-03-30T23:00Z,Vicente Luque,Joaquin Buckley,Joaquin Buckley
1191,UFC Fight Night: Blanchfield vs. Fiorot,2024-03-30T23:00Z,Chris Weidman,Bruno Silva,Chris Weidman
1191,UFC Fight Night: Blanchfield vs. Fiorot,2024-03-30T23:00Z,Nursulton Ruziboev,Sedriques Dumas,Nursulton Ruziboev
1191,UFC Fight Night: Blanchfield vs. Fiorot,2024-03-30T23:00Z,Bill Algeo,Kyle Nelson,Kyle Nelson
1191,UFC Fight Night: Blanchfield vs. Fiorot,2024-03-30T23:00Z,Chidi Njokuani,Rhys McKee,Chidi Njokuani
1191,UFC Fight Night: Blanchfield vs. Fiorot,2024-03-30T23:00Z,Nate Landwehr,Jamall Emmers,Nate Landwehr
1191,UFC Fight Night: Blanchfield vs. Fiorot,2024-03-30T23:00Z,Virna Jandiroba,Loopy Godinez,Virna Jandiroba
1191,UFC Fight Night: Blanchfield vs. Fiorot,2024-03-30T23:00Z,Julio Arce,Herbert Burns,Julio Arce
1191,UFC Fight Night: Blanchfield vs. Fiorot,2024-03-30T23:00Z,Dennis Buzukja,Connor Matthews,Dennis Buzukja
1191,UFC Fight Night: Blanchfield vs. Fiorot,2024-03-30T23:00Z,Ibo Aslan,Anton Turkalj,Ibo Aslan
1191,UFC Fight Night: Blanchfield vs. Fiorot,2024-03-30T23:00Z,Andre Petroski,Jacob Malkoun,Jacob Malkoun
1191,UFC Fight Night: Blanchfield vs. Fiorot,2024-03-30T23:00Z,Angel Pacheco,Caolan Loughran,Caolan Loughran
1192,UFC 300: Pereira vs. Hill,2024-04-13T22:00Z,Alex Pereira,Jamahal Hill,Alex Pereira
1192,UFC 300: Pereira vs. Hill,2024-04-13T22:00Z,Zhang Weili,Yan Xiaonan,Zhang Weili
1192,UFC 300: Pereira vs. Hill,2024-04-13T22:00Z,Justin Gaethje,Max Holloway,Max Holloway
1192,UFC 300: Pereira vs. Hill,2024-04-13T22:00Z,Charles Oliveira,Arman Tsarukyan,Arman Tsarukyan
1192,UFC 300: Pereira vs. Hill,2024-04-13T22:00Z,Bo Nickal,Cody Brundage,Bo Nickal
1192,UFC 300: Pereira vs. Hill,2024-04-13T22:00Z,Jiri Prochazka,Aleksandar Rakic,Jiri Prochazka
1192,UFC 300: Pereira vs. Hill,2024-04-13T22:00Z,Calvin Kattar,Aljamain Sterling,Aljamain Sterling
1192,UFC 300: Pereira vs. Hill,2024-04-13T22:00Z,Holly Holm,Kayla Harrison,Kayla Harrison
1192,UFC 300: Pereira vs. Hill,2024-04-13T22:00Z,Sodiq Yusuff,Diego Lopes,Diego Lopes
1192,UFC 300: Pereira vs. Hill,2024-04-13T22:00Z,Jalin Turner,Renato Moicano,Renato Moicano
1192,UFC 300: Pereira vs. Hill,2024-04-13T22:00Z,Jessica Andrade,Marina Rodriguez,Jessica Andrade
1192,UFC 300: Pereira vs. Hill,2024-04-13T22:00Z,Bobby Green,Jim Miller,Bobby Green
1192,UFC 300: Pereira vs. Hill,2024-04-13T22:00Z,Deiveson Figueiredo,Cody Garbrandt,Deiveson Figueiredo
1193,UFC Fight Night: Allen vs. Curtis 2,2024-04-06T19:00Z,Brendan Allen,Chris Curtis,Brendan Allen
1193,UFC Fight Night: Allen vs. Curtis 2,2024-04-06T19:00Z,Alexander Hernandez,Damon Jackson,Damon Jackson
1193,UFC Fight Night: Allen vs. Curtis 2,2024-04-06T19:00Z,Morgan Charriere,Chepe Mariscal,Chepe Mariscal
1193,UFC Fight Night: Allen vs. Curtis 2,2024-04-06T19:00Z,Ignacio Bahamondes,Christos Giagos,Ignacio Bahamondes
1193,UFC Fight Night: Allen vs. Curtis 2,2024-04-06T19:00Z,Trevor Peek,Charlie Campbell,Charlie Campbell
1193,UFC Fight Night: Allen vs. Curtis 2,2024-04-06T19:00Z,Court McGee,Alex Morono,Alex Morono
1193,UFC Fight Night: Allen vs. Curtis 2,2024-04-06T19:00Z,Valter Walker,Lukasz Brzeski,Lukasz Brzeski
1193,UFC Fight Night: Allen vs. Curtis 2,2024-04-06T19:00Z,Norma Dumont,Germaine de Randamie,Norma Dumont
1193,UFC Fight Night: Allen vs. Curtis 2,2024-04-06T19:00Z,Pedro Falcao,Victor Hugo,Victor Hugo
1193,UFC Fight Night: Allen vs. Curtis 2,2024-04-06T19:00Z,Dan Argueta,Jean Matsumoto,Jean Matsumoto
1193,UFC Fight Night: Allen vs. Curtis 2,2024-04-06T19:00Z,Dylan Budka,Cesar Almeida,Cesar Almeida
1193,UFC Fight Night: Allen vs. Curtis 2,2024-04-06T19:00Z,Melissa Mullins,Nora Cornolle,Nora Cornolle
1194,Road to UFC 2.7,2024-02-04T04:30Z, Rongzhu,Shin Haraguchi, Rongzhu
1194,Road to UFC 2.7,2024-02-04T04:30Z, Kaiwen, Yizha, Yizha
1194,Road to UFC 2.7,2024-02-04T04:30Z,Rei Tsuruya, Jiniushiyue,Rei Tsuruya
1195,UFC Fight Night: Tuivasa vs. Tybura,2024-03-16T20:00Z,Tai Tuivasa,Marcin Tybura,Marcin Tybura
1195,UFC Fight Night: Tuivasa vs. Tybura,2024-03-16T20:00Z,Bryan Battle,Ange Loosa,Draw
1195,UFC Fight Night: Tuivasa vs. Tybura,2024-03-16T20:00Z,Ovince Saint Preux,Kennedy Nzechukwu,Ovince Saint Preux
1195,UFC Fight Night: Tuivasa vs. Tybura,2024-03-16T20:00Z,Christian Rodriguez,Isaac Dulgarian,Christian Rodriguez
1195,UFC Fight Night: Tuivasa vs. Tybura,2024-03-16T20:00Z,Pannie Kianzad,Macy Chiasson,Macy Chiasson
1195,UFC Fight Night: Tuivasa vs. Tybura,2024-03-16T20:00Z,Gerald Meerschaert,Bryan Barberena,Gerald Meerschaert
1195,UFC Fight Night: Tuivasa vs. Tybura,2024-03-16T20:00Z,Natan Levy,Mike Davis,Mike Davis
1195,UFC Fight Night: Tuivasa vs. Tybura,2024-03-16T20:00Z,Josiane Nunes,Chelsea Chandler,Chelsea Chandler
1195,UFC Fight Night: Tuivasa vs. Tybura,2024-03-16T20:00Z,Jafel Filho,Ode Osbourne,Jafel Filho
1195,UFC Fight Night: Tuivasa vs. Tybura,2024-03-16T20:00Z,Josh Culibao,Danny Silva,Danny Silva
1195,UFC Fight Night: Tuivasa vs. Tybura,2024-03-16T20:00Z,Jaqueline Amorim,Cory McKenna,Jaqueline Amorim
1195,UFC Fight Night: Tuivasa vs. Tybura,2024-03-16T20:00Z,Thiago Moises,Mitch Ramirez,Thiago Moises
1195,UFC Fight Night: Tuivasa vs. Tybura,2024-03-16T20:00Z,Charalampos Grigoriou,Chad Anheliger,Chad Anheliger
1196,UFC Fight Night: Ribas vs. Namajunas,2024-03-23T23:00Z,Amanda Ribas,Rose Namajunas,Rose Namajunas
1196,UFC Fight Night: Ribas vs. Namajunas,2024-03-23T23:00Z,Karl Williams,Justin Tafa,Karl Williams
1196,UFC Fight Night: Ribas vs. Namajunas,2024-03-23T23:00Z,Edmen Shahbazyan,AJ Dobson,Edmen Shahbazyan
1196,UFC Fight Night: Ribas vs. Namajunas,2024-03-23T23:00Z,Payton Talbott,Cameron Saaiman,Payton Talbott
1196,UFC Fight Night: Ribas vs. Namajunas,2024-03-23T23:00Z,Billy Quarantillo,Youssef Zalal,Youssef Zalal
1196,UFC Fight Night: Ribas vs. Namajunas,2024-03-23T23:00Z,Fernando Padilla,Luis Pajuelo,Fernando Padilla
1196,UFC Fight Night: Ribas vs. Namajunas,2024-03-23T23:00Z,Kurt Holobaugh,Trey Ogden,Trey Ogden
1196,UFC Fight Night: Ribas vs. Namajunas,2024-03-23T23:00Z,Ricardo Ramos,Julian Erosa,Julian Erosa
1196,UFC Fight Night: Ribas vs. Namajunas,2024-03-23T23:00Z,Miles Johns,Cody Gibson,Miles Johns
1196,UFC Fight Night: Ribas vs. Namajunas,2024-03-23T23:00Z,Jarno Errens,Steven Nguyen,Jarno Errens
1196,UFC Fight Night: Ribas vs. Namajunas,2024-03-23T23:00Z,Montserrat Rendon,Daria Zhelezniakova,Daria Zhelezniakova
1196,UFC Fight Night: Ribas vs. Namajunas,2024-03-23T23:00Z,Igor Severino,Andre Lima,Andre Lima
1196,UFC Fight Night: Ribas vs. Namajunas,2024-03-23T23:00Z,Mohammed Usman,Mick Parkin,Mick Parkin
1197,UFC 301: Pantoja vs. Erceg,2024-05-04T22:00Z,Alexandre Pantoja,Steve Erceg,Alexandre Pantoja
1197,UFC 301: Pantoja vs. Erceg,2024-05-04T22:00Z,Jose Aldo,Jonathan Martinez,Jose Aldo
1197,UFC 301: Pantoja vs. Erceg,2024-05-04T22:00Z,Anthony Smith,Vitor Petrino,Anthony Smith
1197,UFC 301: Pantoja vs. Erceg,2024-05-04T22:00Z,Michel Pereira,Ihor Potieria,Michel Pereira
1197,UFC 301: Pantoja vs. Erceg,2024-05-04T22:00Z,Paul Craig,Caio Borralho,Caio Borralho
1197,UFC 301: Pantoja vs. Erceg,2024-05-04T22:00Z,Jack Shore,Joanderson Brito,Joanderson Brito
1197,UFC 301: Pantoja vs. Erceg,2024-05-04T22:00Z,Karolina Kowalkiewicz,Iasmin Lucindo,Iasmin Lucindo
1197,UFC 301: Pantoja vs. Erceg,2024-05-04T22:00Z,Elves Brener,Myktybek Orolbai,Myktybek Orolbai
1197,UFC 301: Pantoja vs. Erceg,2024-05-04T22:00Z,Joaquim Silva,Drakkar Klose,Drakkar Klose
1197,UFC 301: Pantoja vs. Erceg,2024-05-04T22:00Z,Mauricio Ruffy,Jamie Mullarkey,Mauricio Ruffy
1197,UFC 301: Pantoja vs. Erceg,2024-05-04T22:00Z,Dione Barbosa,Ernesta Kareckaite,Dione Barbosa
1197,UFC 301: Pantoja vs. Erceg,2024-05-04T22:00Z,Ismael Bonfim,Vinc Pichel,Ismael Bonfim
1197,UFC 301: Pantoja vs. Erceg,2024-05-04T22:00Z,Alessandro Costa,Kevin Borjas,Alessandro Costa
1198,UFC Fight Night: Nicolau vs. Perez,2024-04-27T20:00Z,Matheus Nicolau,Alex Perez,Alex Perez
1198,UFC Fight Night: Nicolau vs. Perez,2024-04-27T20:00Z,Ryan Spann,Bogdan Guskov,Bogdan Guskov
1198,UFC Fight Night: Nicolau vs. Perez,2024-04-27T20:00Z,Ariane da Silva,Karine Silva,Karine Silva
1198,UFC Fight Night: Nicolau vs. Perez,2024-04-27T20:00Z,Austen Lane,Jhonata Diniz,Jhonata Diniz
1198,UFC Fight Night: Nicolau vs. Perez,2024-04-27T20:00Z,Jonathan Pearce,David Onama,David Onama
1198,UFC Fight Night: Nicolau vs. Perez,2024-04-27T20:00Z,Tim Means,Uros Medic,Uros Medic
1198,UFC Fight Night: Nicolau vs. Perez,2024-04-27T20:00Z,Rani Yahya,Victor Henry,Victor Henry
1198,UFC Fight Night: Nicolau vs. Perez,2024-04-27T20:00Z,Austin Hubbard,Michal Figlak,Austin Hubbard
1198,UFC Fight Night: Nicolau vs. Perez,2024-04-27T20:00Z,Don'Tale Mayes,Caio Machado,Don'Tale Mayes
1198,UFC Fight Night: Nicolau vs. Perez,2024-04-27T20:00Z,Marnic Mann,Ketlen Souza,Ketlen Souza
1198,UFC Fight Night: Nicolau vs. Perez,2024-04-27T20:00Z,James Llontop,Chris Padilla,Chris Padilla
1198,UFC Fight Night: Nicolau vs. Perez,2024-04-27T20:00Z,Ivana Petrovic,Liang Na,Ivana Petrovic
1198,UFC Fight Night: Nicolau vs. Perez,2024-04-27T20:00Z,Gabriel Benitez, Maheshate, Maheshate
1199,UFC Fight Night: Lewis vs. Nascimento,2024-05-11T20:00Z,Derrick Lewis,Rodrigo Nascimento,Derrick Lewis
1199,UFC Fight Night: Lewis vs. Nascimento,2024-05-11T20:00Z,Joaquin Buckley,Nursulton Ruziboev,Joaquin Buckley
1199,UFC Fight Night: Lewis vs. Nascimento,2024-05-11T20:00Z,Alonzo Menifield,Carlos Ulberg,Carlos Ulberg
1199,UFC Fight Night: Lewis vs. Nascimento,2024-05-11T20:00Z,Diego Ferreira,Mateusz Rebecki,Diego Ferreira
1199,UFC Fight Night: Lewis vs. Nascimento,2024-05-11T20:00Z,Alex Caceres,Sean Woodson,Sean Woodson
1199,UFC Fight Night: Lewis vs. Nascimento,2024-05-11T20:00Z,Waldo Cortes-Acosta,Robelis Despaigne,Waldo Cortes-Acosta
1199,UFC Fight Night: Lewis vs. Nascimento,2024-05-11T20:00Z,Chase Hooper,Viacheslav Borshchev,Chase Hooper
1199,UFC Fight Night: Lewis vs. Nascimento,2024-05-11T20:00Z,Terrance McKinney,Esteban Ribovics,Esteban Ribovics
1199,UFC Fight Night: Lewis vs. Nascimento,2024-05-11T20:00Z,Tabatha Ricci,Tecia Pennington,Tabatha Ricci
1199,UFC Fight Night: Lewis vs. Nascimento,2024-05-11T20:00Z,Billy Ray Goff,Trey Waters,Trey Waters
1199,UFC Fight Night: Lewis vs. Nascimento,2024-05-11T20:00Z,Charles Johnson,Jake Hadley,Charles Johnson
1199,UFC Fight Night: Lewis vs. Nascimento,2024-05-11T20:00Z,JJ Aldrich,Veronica Hardy,Veronica Hardy
1200,UFC Fight Night: Whittaker vs. Aliskerov,2024-06-22T16:00Z,Robert Whittaker,Ikram Aliskerov,Draw
1200,UFC Fight Night: Whittaker vs. Aliskerov,2024-06-22T16:00Z,Sergei Pavlovich,Alexander Volkov,Draw
1200,UFC Fight Night: Whittaker vs. Aliskerov,2024-06-22T16:00Z,Kelvin Gastelum,Daniel Rodriguez,Draw
1200,UFC Fight Night: Whittaker vs. Aliskerov,2024-06-22T16:00Z,Muhammad Naimov,Melsik Baghdasaryan,Draw
1200,UFC Fight Night: Whittaker vs. Aliskerov,2024-06-22T16:00Z,Johnny Walker,Volkan Oezdemir,Draw
1200,UFC Fight Night: Whittaker vs. Aliskerov,2024-06-22T16:00Z,Shara Magomedov,Joilton Lutterbach,Draw
1200,UFC Fight Night: Whittaker vs. Aliskerov,2024-06-22T16:00Z,Nasrat Haqparast,Jared Gordon,Draw
1200,UFC Fight Night: Whittaker vs. Aliskerov,2024-06-22T16:00Z,Rinat Fakhretdinov,Nicolas Dalby,Draw
1200,UFC Fight Night: Whittaker vs. Aliskerov,2024-06-22T16:00Z,Kyung Ho Kang,Muin Gafurov,Draw
1200,UFC Fight Night: Whittaker vs. Aliskerov,2024-06-22T16:00Z,Magomed Gadzhiyasulov,Brendson Ribeiro,Draw
1200,UFC Fight Night: Whittaker vs. Aliskerov,2024-06-22T16:00Z,Abu Azaitar,Denis Tiuliulin,Draw
1200,UFC Fight Night: Whittaker vs. Aliskerov,2024-06-22T16:00Z,Xiao Long,ChangHo Lee,Draw
1201,UFC 303: McGregor vs. Chandler,2024-06-29T22:00Z,Conor McGregor,Michael Chandler,Draw
1201,UFC 303: McGregor vs. Chandler,2024-06-29T22:00Z,Jamahal Hill,Carlos Ulberg,Draw
1201,UFC 303: McGregor vs. Chandler,2024-06-29T22:00Z,Mayra Bueno Silva,Macy Chiasson,Draw
1201,UFC 303: McGregor vs. Chandler,2024-06-29T22:00Z,Joe Pyfer,Marc-Andre Barriault,Draw
1201,UFC 303: McGregor vs. Chandler,2024-06-29T22:00Z,Cub Swanson,Andre Fili,Draw
1201,UFC 303: McGregor vs. Chandler,2024-06-29T22:00Z,Charles Jourdain,Jean Silva,Draw
1201,UFC 303: McGregor vs. Chandler,2024-06-29T22:00Z,Payton Talbott,Yanis Ghemmouri,Draw
1201,UFC 303: McGregor vs. Chandler,2024-06-29T22:00Z,Michelle Waterson-Gomez,Gillian Robertson,Draw
1201,UFC 303: McGregor vs. Chandler,2024-06-29T22:00Z,Rei Tsuruya,Carlos Hernandez,Draw
1201,UFC 303: McGregor vs. Chandler,2024-06-29T22:00Z,Ian Machado Garry,Michael Page,Draw
1201,UFC 303: McGregor vs. Chandler,2024-06-29T22:00Z,Andrei Arlovski,Martin Buday,Draw
1201,UFC 303: McGregor vs. Chandler,2024-06-29T22:00Z,Ricky Simon,Vinicius Oliveira,Draw
1202,UFC Fight Night: Sandhagen vs. Nurmagomedov,2024-08-03T22:00Z,Cory Sandhagen,Umar Nurmagomedov,Draw
1202,UFC Fight Night: Sandhagen vs. Nurmagomedov,2024-08-03T22:00Z,Vicente Luque,Nick Diaz,Draw
1202,UFC Fight Night: Sandhagen vs. Nurmagomedov,2024-08-03T22:00Z,Marlon Vera,Deiveson Figueiredo,Draw
1202,UFC Fight Night: Sandhagen vs. Nurmagomedov,2024-08-03T22:00Z,Mackenzie Dern,Loopy Godinez,Draw
1202,UFC Fight Night: Sandhagen vs. Nurmagomedov,2024-08-03T22:00Z,Tony Ferguson,Michael Chiesa,Draw
1203,UFC Fight Night: Barboza vs. Murphy,2024-05-18T20:00Z,Edson Barboza,Lerone Murphy,Lerone Murphy
1203,UFC Fight Night: Barboza vs. Murphy,2024-05-18T20:00Z,Khaos Williams,Carlston Harris,Khaos Williams
1203,UFC Fight Night: Barboza vs. Murphy,2024-05-18T20:00Z,Themba Gorimbo,Ramiz Brahimaj,Themba Gorimbo
1203,UFC Fight Night: Barboza vs. Murphy,2024-05-18T20:00Z,Adrian Yanez,Vinicius Salvador,Adrian Yanez
1203,UFC Fight Night: Barboza vs. Murphy,2024-05-18T20:00Z,Luana Pinheiro,Angela Hill,Angela Hill
1203,UFC Fight Night: Barboza vs. Murphy,2024-05-18T20:00Z,Victor Martinez,Tom Nolan,Tom Nolan
1203,UFC Fight Night: Barboza vs. Murphy,2024-05-18T20:00Z,Oumar Sy,Tuco Tokkos,Oumar Sy
1203,UFC Fight Night: Barboza vs. Murphy,2024-05-18T20:00Z,Tamires Vidal,Melissa Gatto,Melissa Gatto
1203,UFC Fight Night: Barboza vs. Murphy,2024-05-18T20:00Z,Abus Magomedov,Warlley Alves,Abus Magomedov
1203,UFC Fight Night: Barboza vs. Murphy,2024-05-18T20:00Z,Piera Rodriguez,Ariane Carnelossi,Ariane Carnelossi
1203,UFC Fight Night: Barboza vs. Murphy,2024-05-18T20:00Z, Alatengheili,Kleydson Rodrigues, Alatengheili
1203,UFC Fight Night: Barboza vs. Murphy,2024-05-18T20:00Z,Vanessa Demopoulos,Emily Ducote,Vanessa Demopoulos
1204,UFC 302: Makhachev vs. Poirier,2024-06-01T22:00Z,Islam Makhachev,Dustin Poirier,Islam Makhachev
1204,UFC 302: Makhachev vs. Poirier,2024-06-01T22:00Z,Sean Strickland,Paulo Costa,Sean Strickland
1204,UFC 302: Makhachev vs. Poirier,2024-06-01T22:00Z,Kevin Holland,Michal Oleksiejczuk,Kevin Holland
1204,UFC 302: Makhachev vs. Poirier,2024-06-01T22:00Z,Niko Price,Alex Morono,Niko Price
1204,UFC 302: Makhachev vs. Poirier,2024-06-01T22:00Z,Randy Brown,Elizeu Zaleski dos Santos,Randy Brown
1204,UFC 302: Makhachev vs. Poirier,2024-06-01T22:00Z,Cesar Almeida,Roman Kopylov,Roman Kopylov
1204,UFC 302: Makhachev vs. Poirier,2024-06-01T22:00Z,Jailton Almeida,Alexandr Romanov,Jailton Almeida
1204,UFC 302: Makhachev vs. Poirier,2024-06-01T22:00Z,Grant Dawson,Joe Solecki,Grant Dawson
1204,UFC 302: Makhachev vs. Poirier,2024-06-01T22:00Z,Phil Rowe,Jake Matthews,Jake Matthews
1204,UFC 302: Makhachev vs. Poirier,2024-06-01T22:00Z,Mickey Gall,Bassil Hafez,Bassil Hafez
1204,UFC 302: Makhachev vs. Poirier,2024-06-01T22:00Z,Ailin Perez,Joselyne Edwards,Ailin Perez
1204,UFC 302: Makhachev vs. Poirier,2024-06-01T22:00Z,Mitch Raposo,Andre Lima,Andre Lima
1205,Road to UFC 3.1 + 3.2,2024-05-18T10:00Z,Xie Bin, Yibugele,Xie Bin
1205,Road to UFC 3.1 + 3.2,2024-05-18T10:00Z,Shi Ming,YeDam Seo,Shi Ming
1205,Road to UFC 3.1 + 3.2,2024-05-18T10:00Z,Masuto Kawana,YoungJae Song,Masuto Kawana
1205,Road to UFC 3.1 + 3.2,2024-05-18T10:00Z,Priya Sharma,Dong Huaxiang,Dong Huaxiang
1205,Road to UFC 3.1 + 3.2,2024-05-18T10:00Z,Wang Cong,Paula Luna,Wang Cong
1205,Road to UFC 3.1 + 3.2,2024-05-18T10:00Z,Zhu Kangjie,Tatsuya Ando,Zhu Kangjie
1205,Road to UFC 3.1 + 3.2,2024-05-18T10:00Z,Shin Haraguchi,JunYoung Hong,Shin Haraguchi
1205,Road to UFC 3.1 + 3.2,2024-05-18T10:00Z,Feng Xiaocan,Kiran Singh,Feng Xiaocan
1205,Road to UFC 3.1 + 3.2,2024-05-18T10:00Z,Bahatebole Batebolati,HanSeul Kim,Bahatebole Batebolati
1206,Road to UFC 3.3 + 3.4,2024-05-19T10:00Z,Baergeng Jieleyisi,Li Yunfeng,Baergeng Jieleyisi
1206,Road to UFC 3.3 + 3.4,2024-05-19T10:00Z,Kiru Singh Sahota,Yin Shuai,Kiru Singh Sahota
1206,Road to UFC 3.3 + 3.4,2024-05-19T10:00Z,KyuSung Kim,Tokitaka Nakanishi,Tokitaka Nakanishi
1206,Road to UFC 3.3 + 3.4,2024-05-19T10:00Z,Yan Qihui,Lisa Kyriacou,Yan Qihui
1206,Road to UFC 3.3 + 3.4,2024-05-19T10:00Z,Daermisi Zhawupasi,Ren Ozaki,Daermisi Zhawupasi
1206,Road to UFC 3.3 + 3.4,2024-05-19T10:00Z,John Dave Almanza,Angad Bisht,Angad Bisht
1206,Road to UFC 3.3 + 3.4,2024-05-19T10:00Z,SuYoung You,Shohei Nose,SuYoung You
1206,Road to UFC 3.3 + 3.4,2024-05-19T10:00Z, Jiniushiyue,DongHun Choi,DongHun Choi
1206,Road to UFC 3.3 + 3.4,2024-05-19T10:00Z,WonBin Ki,Tatsuya Saika,WonBin Ki
1207,UFC Fight Night: Cannonier vs. Imavov,2024-06-08T21:00Z,Jared Cannonier,Nassourdine Imavov,Nassourdine Imavov
1207,UFC Fight Night: Cannonier vs. Imavov,2024-06-08T21:00Z,Dominick Reyes,Dustin Jacoby,Dominick Reyes
1207,UFC Fight Night: Cannonier vs. Imavov,2024-06-08T21:00Z,Raul Rosas Jr.,Ricky Turcios,Raul Rosas Jr.
1207,UFC Fight Night: Cannonier vs. Imavov,2024-06-08T21:00Z,Brunno Ferreira,Dustin Stoltzfus,Brunno Ferreira
1207,UFC Fight Night: Cannonier vs. Imavov,2024-06-08T21:00Z,Julian Marquez,Zach Reese,Zach Reese
1207,UFC Fight Night: Cannonier vs. Imavov,2024-06-08T21:00Z,Miguel Baeza,Punahele Soriano,Punahele Soriano
1207,UFC Fight Night: Cannonier vs. Imavov,2024-06-08T21:00Z,Thiago Moises,Ludovit Klein,Ludovit Klein
1207,UFC Fight Night: Cannonier vs. Imavov,2024-06-08T21:00Z,Charles Radtke,Carlos Prates,Carlos Prates
1207,UFC Fight Night: Cannonier vs. Imavov,2024-06-08T21:00Z,Brad Katona,Jesse Butler,Brad Katona
1207,UFC Fight Night: Cannonier vs. Imavov,2024-06-08T21:00Z,Andrea Lee,Montana De La Rosa,Montana De La Rosa
1207,UFC Fight Night: Cannonier vs. Imavov,2024-06-08T21:00Z,John Castaneda,Daniel Marcos,Daniel Marcos
1207,UFC Fight Night: Cannonier vs. Imavov,2024-06-08T21:00Z,Eduarda Moura,Denise Gomes,Denise Gomes
1207,UFC Fight Night: Cannonier vs. Imavov,2024-06-08T21:00Z,Cody Stamann,Taylor Lapilus,Taylor Lapilus
1207,UFC Fight Night: Cannonier vs. Imavov,2024-06-08T21:00Z,Rayanne dos Santos,Puja Tomar,Puja Tomar
1208,UFC 304: Edwards vs. Muhammad 2,2024-07-27T22:00Z,Leon Edwards,Belal Muhammad,Draw
1208,UFC 304: Edwards vs. Muhammad 2,2024-07-27T22:00Z,Tom Aspinall,Curtis Blaydes,Draw
1208,UFC 304: Edwards vs. Muhammad 2,2024-07-27T22:00Z,Arnold Allen,Giga Chikadze,Draw
1208,UFC 304: Edwards vs. Muhammad 2,2024-07-27T22:00Z,Muhammad Mokaev,Manel Kape,Draw
1208,UFC 304: Edwards vs. Muhammad 2,2024-07-27T22:00Z,Bobby Green,Paddy Pimblett,Draw
1208,UFC 304: Edwards vs. Muhammad 2,2024-07-27T22:00Z,Molly McCann,Bruna Brasil,Draw
1208,UFC 304: Edwards vs. Muhammad 2,2024-07-27T22:00Z,Caolan Loughran,Ramon Taveras,Draw
1208,UFC 304: Edwards vs. Muhammad 2,2024-07-27T22:00Z,Shauna Bannon,Ravena Oliveira,Draw
1208,UFC 304: Edwards vs. Muhammad 2,2024-07-27T22:00Z,Nathaniel Wood,Daniel Pineda,Draw
1208,UFC 304: Edwards vs. Muhammad 2,2024-07-27T22:00Z,Mick Parkin,Lukasz Brzeski,Draw
1208,UFC 304: Edwards vs. Muhammad 2,2024-07-27T22:00Z,Oban Elliott,Preston Parsons,Draw
1208,UFC 304: Edwards vs. Muhammad 2,2024-07-27T22:00Z,Christian Leroy Duncan,Robert Bryczek,Draw
1208,UFC 304: Edwards vs. Muhammad 2,2024-07-27T22:00Z,Modestas Bukauskas,Marcin Prachnio,Draw
1208,UFC 304: Edwards vs. Muhammad 2,2024-07-27T22:00Z,Sam Patterson,Kiefer Crosbie,Draw
1210,UFC Fight Night: Perez vs. Taira,2024-06-15T23:00Z,Alex Perez,Tatsuro Taira,Draw
1210,UFC Fight Night: Perez vs. Taira,2024-06-15T23:00Z,Timmy Cuamba,Lucas Almeida,Draw
1210,UFC Fight Night: Perez vs. Taira,2024-06-15T23:00Z,Douglas Silva de Andrade,Miles Johns,Draw
1210,UFC Fight Night: Perez vs. Taira,2024-06-15T23:00Z,Asu Almabayev,Jose Johnson,Draw
1210,UFC Fight Night: Perez vs. Taira,2024-06-15T23:00Z,Brady Hiestand,Garrett Armfield,Draw
1210,UFC Fight Night: Perez vs. Taira,2024-06-15T23:00Z,Tagir Ulanbekov,Joshua Van,Draw
1210,UFC Fight Night: Perez vs. Taira,2024-06-15T23:00Z,Jimmy Flick,Nate Maness,Draw
1210,UFC Fight Night: Perez vs. Taira,2024-06-15T23:00Z,Josh Quinlan,Adam Fugitt,Draw
1210,UFC Fight Night: Perez vs. Taira,2024-06-15T23:00Z,Carli Judice,Gabriella Fernandes,Draw
1210,UFC Fight Night: Perez vs. Taira,2024-06-15T23:00Z,Jeka Saragih,Westin Wilson,Draw
1210,UFC Fight Night: Perez vs. Taira,2024-06-15T23:00Z,Josefine Knutsson,Julia Polastri,Draw
1210,UFC Fight Night: Perez vs. Taira,2024-06-15T23:00Z,Melquizael Costa,Shayilan Nuerdanbieke,Draw
1211,UFC Fight Night,2024-07-20T22:00Z,Brad Tavares,JunYong Park,Draw
1211,UFC Fight Night,2024-07-20T22:00Z,JeongYeong Lee,Hyder Amil,Draw
1211,UFC Fight Night,2024-07-20T22:00Z,Dooho Choi,Bill Algeo,Draw
1211,UFC Fight Night,2024-07-20T22:00Z,Steve Garcia,SeungWoo Choi,Draw
1211,UFC Fight Night,2024-07-20T22:00Z,Tracy Cortez,Miranda Maverick,Draw
1212,UFC Fight Night: Barber vs. Namajunas,2024-07-13T22:00Z,Maycee Barber,Rose Namajunas,Draw
1212,UFC Fight Night: Barber vs. Namajunas,2024-07-13T22:00Z,Mike Malott,Gilbert Urbina,Draw
1212,UFC Fight Night: Barber vs. Namajunas,2024-07-13T22:00Z,Santiago Ponzinibbio,Muslim Salikhov,Draw
1212,UFC Fight Night: Barber vs. Namajunas,2024-07-13T22:00Z,Viviane Araujo,Jasmine Jasudavicius,Draw
